row_index,job_id,job_role
0,54433761,인사/노무
1,54320096,인사/노무
2,54394399,인사/노무
3,54444259,인사/노무
4,54319236,인사/노무
5,54377746,인사/노무
6,54447052,인사/노무
7,54403261,인사/노무
8,54445789,인사/노무
9,54324344,인사/노무
10,54351395,개발
11,54365174,인사/노무
12,54364237,인사/노무
13,54407648,인사/노무
14,53958995,인사/노무
15,54416974,개발
16,54278146,인사/노무
17,54278846,인사/노무
18,54441283,인사/노무
19,54409699,인사/노무
20,54453031,인사/노무
21,54452978,인사/노무
22,54421473,인사/노무
23,54416519,인사/노무
24,54431809,인사/노무
25,54452784,인사/노무
26,54430833,인사/노무
27,54452520,인사/노무
28,54452240,인사/노무
29,54452037,인사/노무
30,54451779,인사/노무
31,54451540,인사/노무
32,54451253,인사/노무
33,54358044,인사/노무
34,54451130,인사/노무
35,54450994,회계/재무
36,54312158,인사/노무
37,54428907,인사/노무
38,54391942,인사/노무
39,54351049,회계/재무
40,54419703,인사/노무
41,54362019,회계/재무
42,54350643,인사/노무
43,54448595,인사/노무
44,54448421,인사/노무
45,54448369,인사/노무
46,54347390,인사/노무
47,54447594,마케팅
48,54447464,인사/노무
49,54447461,인사/노무
50,54447372,인사/노무
51,54447361,인사/노무
52,54447279,회계/재무
53,54446965,인사/노무
54,54446812,인사/노무
55,54371151,인사/노무
56,54446101,인사/노무
57,54323054,회계/재무
58,54445452,인사/노무
59,54418830,개발
60,54445166,인사/노무
61,54445132,인사/노무
62,54445108,인사/노무
63,54445069,인사/노무
64,54389725,인사/노무
65,54375398,인사/노무
66,54346164,인사/노무
67,54444247,인사/노무
68,54444190,인사/노무
69,54444143,인사/노무
70,54389609,인사/노무
71,54443975,인사/노무
72,54429112,회계/재무
73,54443597,인사/노무
74,54443544,인사/노무
75,54443441,인사/노무
76,54331225,인사/노무
77,54443346,인사/노무
78,54409469,인사/노무
79,54202489,인사/노무
80,54442349,인사/노무
81,54252990,인사/노무
82,54442120,인사/노무
83,54442107,인사/노무
84,54442105,인사/노무
85,54442086,인사/노무
86,54374045,인사/노무
87,54441971,회계/재무
88,54319796,인사/노무
89,53633999,인사/노무
90,54417292,인사/노무
91,54439223,인사/노무
92,54410954,회계/재무
93,54374122,인사/노무
94,54373101,인사/노무
95,54373384,인사/노무
96,54441158,인사/노무
97,54441048,인사/노무
98,54398583,인사/노무
99,54440758,인사/노무
100,54440500,인사/노무
101,54440431,인사/노무
102,54427527,인사/노무
103,54360826,인사/노무
104,54429181,인사/노무
105,54416283,인사/노무
106,54439647,인사/노무
107,54439440,인사/노무
108,54295540,인사/노무
109,54438904,인사/노무
110,54438901,인사/노무
111,54438899,인사/노무
112,54438363,인사/노무
113,54438309,인사/노무
114,54438197,인사/노무
115,54306200,인사/노무
116,54434714,인사/노무
117,54434594,인사/노무
118,54398308,인사/노무
119,54434315,인사/노무
120,54433721,인사/노무
121,54433652,인사/노무
122,54433621,인사/노무
123,54110337,인사/노무
124,54350687,인사/노무
125,54306956,인사/노무
126,54395862,인사/노무
127,54046423,인사/노무
128,54432867,인사/노무
129,54333653,인사/노무
130,54432634,인사/노무
131,54432334,인사/노무
132,54432218,인사/노무
133,54432113,인사/노무
134,54174239,인사/노무
135,54431546,인사/노무
136,54431434,회계/재무
137,53832536,인사/노무
138,54430644,인사/노무
139,54430451,인사/노무
140,54430135,인사/노무
141,54417115,인사/노무
142,54430035,인사/노무
143,54429914,인사/노무
144,54429633,인사/노무
145,54429631,인사/노무
146,54429594,인사/노무
147,54429477,인사/노무
148,54378985,회계/재무
149,54429282,회계/재무
150,54429095,인사/노무
151,54429094,인사/노무
152,54364128,인사/노무
153,54428901,인사/노무
154,54428760,인사/노무
155,54428505,인사/노무
156,54428343,인사/노무
157,54319519,인사/노무
158,54427731,인사/노무
159,54427678,인사/노무
160,54427641,인사/노무
161,54417500,인사/노무
162,54225865,인사/노무
163,54354026,인사/노무
164,54013460,인사/노무
165,54395705,인사/노무
166,54422646,인사/노무
167,54422156,인사/노무
168,54421997,인사/노무
169,54421536,인사/노무
170,54307028,기획/전략
171,54421191,인사/노무
172,54394932,인사/노무
173,54407684,인사/노무
174,54389294,인사/노무
175,54385430,인사/노무
176,54419421,인사/노무
177,54419412,인사/노무
178,54288834,인사/노무
179,54376653,인사/노무
180,54310197,회계/재무
181,54418736,인사/노무
182,54418621,마케팅
183,54418596,인사/노무
184,54418160,인사/노무
185,54417913,인사/노무
186,54417801,인사/노무
187,54417630,인사/노무
188,54396440,회계/재무
189,54350713,회계/재무
190,54416500,인사/노무
191,54416499,인사/노무
192,54409628,인사/노무
193,54336720,인사/노무
194,54416250,인사/노무
195,54415678,인사/노무
196,54407700,인사/노무
197,54414927,인사/노무
198,54337086,인사/노무
199,54414882,인사/노무
200,54389572,인사/노무
201,54414322,인사/노무
202,54397492,회계/재무
203,54336641,인사/노무
204,54321737,인사/노무
205,54410253,회계/재무
206,54243539,회계/재무
207,54409965,인사/노무
208,54353319,회계/재무
209,54409180,인사/노무
210,54408824,인사/노무
211,54408614,인사/노무
212,54408281,인사/노무
213,54408020,인사/노무
214,54408004,회계/재무
215,54258785,인사/노무
216,54407600,인사/노무
217,54384780,인사/노무
218,54407426,회계/재무
219,54407350,인사/노무
220,54407082,개발
221,54406815,인사/노무
222,54406638,인사/노무
223,54406449,인사/노무
224,54406191,인사/노무
225,54384237,인사/노무
226,54406083,인사/노무
227,54359396,인사/노무
228,54406073,인사/노무
229,54405695,회계/재무
230,54405547,인사/노무
231,54332054,인사/노무
232,54353292,인사/노무
233,54404124,회계/재무
234,54404071,인사/노무
235,54404025,인사/노무
236,54404015,인사/노무
237,54255533,회계/재무
238,54393853,인사/노무
239,54397791,인사/노무
240,54397408,인사/노무
241,54397267,인사/노무
242,54397237,인사/노무
243,54181490,회계/재무
244,54396051,인사/노무
245,54395913,인사/노무
246,54395571,인사/노무
247,54395430,인사/노무
248,54395041,인사/노무
249,54394780,인사/노무
250,54394229,인사/노무
251,54394075,인사/노무
252,54314879,인사/노무
253,54348586,기획/전략
254,54385621,회계/재무
255,54392706,인사/노무
256,54392169,인사/노무
257,54392124,인사/노무
258,54391617,인사/노무
259,54391548,인사/노무
260,54391408,인사/노무
261,54390926,인사/노무
262,54380670,인사/노무
263,54352331,인사/노무
264,54387040,인사/노무
265,54384254,인사/노무
266,54205060,인사/노무
267,54346836,인사/노무
268,54202709,인사/노무
269,54383571,인사/노무
270,54383472,회계/재무
271,54382853,회계/재무
272,54320379,인사/노무
273,54293211,인사/노무
274,54382244,회계/재무
275,54382075,인사/노무
276,54382058,인사/노무
277,54382001,인사/노무
278,54381689,인사/노무
279,54381616,인사/노무
280,54381576,인사/노무
281,54381531,인사/노무
282,54381061,회계/재무
283,54380965,인사/노무
284,54380726,인사/노무
285,54380552,회계/재무
286,54380425,인사/노무
287,54379875,인사/노무
288,54379803,인사/노무
289,54379707,인사/노무
290,54379654,인사/노무
291,54320069,인사/노무
292,54378765,인사/노무
293,54378237,인사/노무
294,54377892,회계/재무
295,54377618,인사/노무
296,54377064,인사/노무
297,54340791,인사/노무
298,54376225,인사/노무
299,54376191,인사/노무
300,54375292,인사/노무
301,54375173,인사/노무
302,54374559,인사/노무
303,54360717,인사/노무
304,54360588,인사/노무
305,54350393,인사/노무
306,54308647,인사/노무
307,54372063,인사/노무
308,54359918,인사/노무
309,54361901,인사/노무
310,54350656,인사/노무
311,54373125,인사/노무
312,54373110,인사/노무
313,54373104,인사/노무
314,54270806,회계/재무
315,54371897,인사/노무
316,54371883,인사/노무
317,54312207,인사/노무
318,54367051,인사/노무
319,54329004,인사/노무
320,54366756,인사/노무
321,54365708,회계/재무
322,54365243,인사/노무
323,54365032,인사/노무
324,54364863,인사/노무
325,54335507,인사/노무
326,54361899,인사/노무
327,54361819,인사/노무
328,53972021,인사/노무
329,54361670,인사/노무
330,54361635,인사/노무
331,54360579,인사/노무
332,54360173,인사/노무
333,54359916,인사/노무
334,54359822,인사/노무
335,54348717,인사/노무
336,54359066,인사/노무
337,54358745,인사/노무
338,54357834,인사/노무
339,54322198,인사/노무
340,54318667,인사/노무
341,54338133,인사/노무
342,54353536,인사/노무
343,54352840,회계/재무
344,54323612,인사/노무
345,54351798,인사/노무
346,54351605,인사/노무
347,54351459,인사/노무
348,54350627,인사/노무
349,54350255,인사/노무
350,54349545,인사/노무
351,54347668,인사/노무
352,54319961,인사/노무
353,54322466,인사/노무
354,54346033,회계/재무
355,54337982,인사/노무
356,54288500,인사/노무
357,54304753,인사/노무
358,54345451,인사/노무
359,54345358,회계/재무
360,54326664,인사/노무
361,54340479,회계/재무
362,54339179,인사/노무
363,54290373,인사/노무
364,54338875,인사/노무
365,54338592,인사/노무
366,54338444,인사/노무
367,54338295,인사/노무
368,54337941,인사/노무
369,54337076,회계/재무
370,54336561,인사/노무
371,54271441,인사/노무
372,54335734,인사/노무
373,54335345,인사/노무
374,54334936,인사/노무
375,54333573,인사/노무
376,54333327,인사/노무
377,54331834,인사/노무
378,54331367,인사/노무
379,54331242,마케팅
380,54328544,인사/노무
381,54327026,회계/재무
382,54283665,인사/노무
383,54325531,인사/노무
384,54325408,인사/노무
385,54314117,인사/노무
386,54323748,인사/노무
387,54029596,인사/노무
388,54321226,인사/노무
389,54321181,인사/노무
390,54321022,회계/재무
391,54320537,인사/노무
392,54319731,인사/노무
393,54313238,회계/재무
394,54150362,인사/노무
395,54319118,회계/재무
396,54318660,인사/노무
397,54318431,인사/노무
398,54318364,회계/재무
399,54314811,인사/노무
400,54314016,인사/노무
401,54313092,인사/노무
402,54312998,인사/노무
403,54312510,인사/노무
404,54311796,회계/재무
405,54311691,인사/노무
406,54310404,인사/노무
407,53982182,인사/노무
408,54309085,인사/노무
409,54202521,인사/노무
410,54290788,인사/노무
411,54001305,인사/노무
412,54306114,인사/노무
413,54245580,인사/노무
414,54304391,인사/노무
415,54304058,인사/노무
416,53940114,인사/노무
417,54296863,회계/재무
418,54295776,인사/노무
419,54295629,인사/노무
420,54245128,인사/노무
421,54294506,인사/노무
422,54293787,인사/노무
423,54283956,인사/노무
424,54194797,인사/노무
425,54279389,인사/노무
426,53919901,인사/노무
427,54010787,회계/재무
428,54225382,인사/노무
429,54259072,인사/노무
430,54273428,인사/노무
431,54272114,인사/노무
432,54269982,인사/노무
433,54269549,회계/재무
434,54268433,인사/노무
435,54266358,인사/노무
436,54243959,인사/노무
437,54260531,인사/노무
438,54259989,인사/노무
439,54259474,인사/노무
440,54258000,회계/재무
441,54230212,인사/노무
442,54248470,인사/노무
443,54246857,인사/노무
444,54246790,인사/노무
445,54244848,인사/노무
446,54223540,인사/노무
447,54242661,인사/노무
448,54241281,인사/노무
449,54240512,인사/노무
450,54188036,인사/노무
451,54217146,인사/노무
452,54150621,회계/재무
453,54225567,인사/노무
454,54213505,회계/재무
455,54230977,인사/노무
456,54229658,인사/노무
457,54229512,인사/노무
458,54228866,인사/노무
459,54228189,인사/노무
460,54227338,회계/재무
461,54224223,인사/노무
462,54205241,인사/노무
463,54203797,인사/노무
464,54219031,인사/노무
465,54219015,인사/노무
466,54217647,인사/노무
467,54205340,인사/노무
468,54203351,인사/노무
469,54202544,인사/노무
470,54173336,인사/노무
471,54201139,인사/노무
472,54200575,인사/노무
473,54124547,인사/노무
474,54191487,인사/노무
475,54191333,인사/노무
476,54190416,회계/재무
477,54187836,인사/노무
478,54185808,인사/노무
479,54178837,인사/노무
480,54177571,인사/노무
481,54177184,인사/노무
482,54176590,기획/전략
483,54160592,인사/노무
484,54173237,회계/재무
485,54161728,인사/노무
486,54161516,인사/노무
487,54171749,인사/노무
488,54170443,인사/노무
489,54158744,인사/노무
490,54158497,인사/노무
491,54150829,인사/노무
492,54148485,인사/노무
493,54123915,인사/노무
494,54121931,인사/노무
495,54121304,인사/노무
496,54121088,인사/노무
497,54118548,인사/노무
498,54118363,인사/노무
499,54108946,인사/노무
500,54106070,인사/노무
501,54104449,인사/노무
502,54090505,인사/노무
503,54087519,인사/노무
504,54060261,회계/재무
505,54054673,인사/노무
506,54040148,회계/재무
507,53936246,인사/노무
508,54004430,인사/노무
509,53969945,인사/노무
510,53918993,인사/노무
511,54430795,인사/노무
512,54452771,인사/노무
513,54452221,인사/노무
514,54062026,인사/노무
515,54447966,회계/재무
516,54142823,인사/노무
517,54419133,기획/전략
518,54445549,인사/노무
519,54445365,인사/노무
520,54371908,인사/노무
521,54445175,인사/노무
522,54445141,인사/노무
523,54444981,인사/노무
524,54444540,개발
525,54380165,인사/노무
526,54169801,인사/노무
527,54443098,회계/재무
528,54043655,회계/재무
529,54282208,회계/재무
530,54402377,인사/노무
531,54150538,회계/재무
532,54441586,인사/노무
533,54421333,인사/노무
534,54377693,인사/노무
535,54440786,마케팅
536,54340197,인사/노무
537,54404899,인사/노무
538,54409745,인사/노무
539,54434768,인사/노무
540,54434236,인사/노무
541,54378177,회계/재무
542,54433218,인사/노무
543,54432078,인사/노무
544,54430642,인사/노무
545,54416177,인사/노무
546,54429452,인사/노무
547,54427041,인사/노무
548,54376942,인사/노무
549,54211557,인사/노무
550,54179481,인사/노무
551,54422554,인사/노무
552,54380390,인사/노무
553,54420512,인사/노무
554,54324908,인사/노무
555,54419596,인사/노무
556,54419277,인사/노무
557,54418826,회계/재무
558,54177448,인사/노무
559,54417748,회계/재무
560,54417530,인사/노무
561,54414796,인사/노무
562,53909299,인사/노무
563,54414523,회계/재무
564,54414494,인사/노무
565,54326762,마케팅
566,54409900,인사/노무
567,54350177,인사/노무
568,54407924,인사/노무
569,54407367,인사/노무
570,54405199,인사/노무
571,54364976,회계/재무
572,54402304,인사/노무
573,54364046,인사/노무
574,54397172,인사/노무
575,54396643,인사/노무
576,54396495,인사/노무
577,54395987,기획/전략
578,54041526,인사/노무
579,54395162,인사/노무
580,54394732,회계/재무
581,54311251,인사/노무
582,54393636,인사/노무
583,54391827,회계/재무
584,54389762,인사/노무
585,54389744,인사/노무
586,54389086,인사/노무
587,54385424,회계/재무
588,54381421,회계/재무
589,54380205,회계/재무
590,54378892,회계/재무
591,54378841,회계/재무
592,54378056,인사/노무
593,54376349,인사/노무
594,54374129,인사/노무
595,54374117,인사/노무
596,54373265,인사/노무
597,54373144,인사/노무
598,54360951,회계/재무
599,54366225,인사/노무
600,54365695,인사/노무
601,54335526,인사/노무
602,54359342,인사/노무
603,54358271,인사/노무
604,54357487,인사/노무
605,54324780,인사/노무
606,54351788,인사/노무
607,54347550,인사/노무
608,52952664,인사/노무
609,54340055,인사/노무
610,54339615,인사/노무
611,54338405,인사/노무
612,54337403,인사/노무
613,54267898,인사/노무
614,54336696,인사/노무
615,54335690,인사/노무
616,54335622,인사/노무
617,54331899,인사/노무
618,54314651,인사/노무
619,54187227,마케팅
620,54323745,인사/노무
621,54322821,인사/노무
622,54321723,인사/노무
623,54320406,인사/노무
624,54320371,인사/노무
625,54270755,인사/노무
626,54029779,회계/재무
627,54287882,인사/노무
628,54296283,인사/노무
629,54292954,회계/재무
630,54292608,인사/노무
631,54283888,인사/노무
632,54254054,인사/노무
633,54271764,인사/노무
634,54271261,인사/노무
635,54265708,회계/재무
636,54259441,회계/재무
637,54258849,회계/재무
638,54258546,인사/노무
639,54257988,회계/재무
640,54256626,회계/재무
641,54207117,인사/노무
642,54246471,인사/노무
643,54242427,인사/노무
644,54059937,인사/노무
645,54230207,인사/노무
646,54180628,인사/노무
647,54180687,인사/노무
648,54180743,인사/노무
649,54158915,인사/노무
650,54202857,인사/노무
651,54189416,회계/재무
652,54179106,회계/재무
653,54176813,인사/노무
654,54014891,인사/노무
655,54122754,회계/재무
656,54069286,회계/재무
657,54038529,인사/노무
658,54037182,인사/노무
659,53985719,인사/노무
660,53985699,회계/재무
661,54404998,인사/노무
662,54426964,인사/노무
663,54338900,인사/노무
664,54406831,인사/노무
665,54415319,인사/노무
666,54385739,인사/노무
667,54385723,인사/노무
668,54385679,인사/노무
669,54376883,인사/노무
670,54383918,회계/재무
671,54452770,회계/재무
672,54452698,인사/노무
673,54452506,인사/노무
674,54395172,인사/노무
675,54395100,인사/노무
676,54452068,인사/노무
677,54451921,회계/재무
678,54451516,인사/노무
679,54353124,인사/노무
680,54451375,인사/노무
681,54451366,인사/노무
682,54391654,인사/노무
683,54450929,인사/노무
684,54379022,인사/노무
685,54326171,인사/노무
686,54450601,인사/노무
687,54450571,회계/재무
688,54450543,인사/노무
689,54434513,인사/노무
690,54450167,인사/노무
691,54449921,인사/노무
692,54417478,회계/재무
693,54351290,인사/노무
694,54349360,인사/노무
695,54447662,인사/노무
696,54447636,회계/재무
697,54447556,인사/노무
698,54447529,인사/노무
699,54447378,인사/노무
700,54447175,회계/재무
701,54446673,인사/노무
702,54446640,인사/노무
703,54446525,회계/재무
704,54416086,인사/노무
705,54438509,회계/재무
706,54446389,인사/노무
707,54428610,인사/노무
708,54446127,인사/노무
709,54445896,회계/재무
710,54445835,인사/노무
711,54430807,인사/노무
712,54445074,인사/노무
713,54445033,인사/노무
714,54445017,인사/노무
715,54444789,회계/재무
716,54444720,인사/노무
717,54444291,인사/노무
718,54430460,인사/노무
719,54243389,인사/노무
720,54443946,인사/노무
721,54443917,인사/노무
722,54443900,인사/노무
723,54443840,인사/노무
724,54443648,인사/노무
725,54443034,인사/노무
726,54154727,인사/노무
727,54442849,인사/노무
728,54442767,인사/노무
729,54131017,인사/노무
730,54442513,인사/노무
731,54442381,인사/노무
732,54442307,회계/재무
733,54442299,인사/노무
734,54427592,인사/노무
735,54429725,인사/노무
736,54055115,인사/노무
737,54427271,인사/노무
738,54402391,인사/노무
739,54406603,인사/노무
740,54425446,인사/노무
741,54441348,인사/노무
742,54335031,회계/재무
743,54440972,인사/노무
744,54440968,인사/노무
745,54440559,인사/노무
746,54440437,인사/노무
747,54440435,인사/노무
748,54415357,인사/노무
749,54439387,인사/노무
750,54428540,인사/노무
751,54265721,인사/노무
752,54438783,인사/노무
753,54438655,인사/노무
754,54438495,인사/노무
755,54438173,인사/노무
756,54437970,인사/노무
757,54421578,인사/노무
758,54422880,인사/노무
759,54426200,인사/노무
760,54417034,인사/노무
761,54419139,인사/노무
762,54435016,회계/재무
763,54434937,인사/노무
764,54191198,인사/노무
765,54434475,인사/노무
766,54433986,인사/노무
767,54433928,회계/재무
768,54433904,인사/노무
769,54044470,인사/노무
770,54394704,인사/노무
771,54433105,인사/노무
772,54352065,인사/노무
773,54419726,인사/노무
774,54432339,회계/재무
775,54432257,인사/노무
776,54431930,인사/노무
777,54334608,인사/노무
778,54431816,인사/노무
779,54431740,인사/노무
780,54194585,인사/노무
781,54431405,인사/노무
782,54431390,인사/노무
783,54431225,인사/노무
784,54074089,인사/노무
785,54304932,인사/노무
786,54430552,회계/재무
787,54430421,인사/노무
788,54430298,회계/재무
789,53984040,회계/재무
790,54430199,인사/노무
791,54379447,인사/노무
792,54429858,인사/노무
793,54408699,인사/노무
794,54000538,인사/노무
795,54428452,회계/재무
796,54261142,인사/노무
797,54428028,인사/노무
798,54427990,인사/노무
799,54427718,인사/노무
800,54427417,인사/노무
801,54427095,인사/노무
802,54427004,인사/노무
803,54405469,회계/재무
804,54426734,인사/노무
805,54421597,인사/노무
806,54426571,인사/노무
807,54359222,인사/노무
808,54419459,인사/노무
809,54422955,인사/노무
810,54362901,인사/노무
811,54422303,인사/노무
812,54422268,인사/노무
813,54421954,회계/재무
814,54062190,인사/노무
815,54421266,인사/노무
816,54421259,인사/노무
817,54421243,인사/노무
818,53916930,인사/노무
819,54420857,인사/노무
820,54420768,인사/노무
821,54420427,인사/노무
822,54397553,인사/노무
823,54420103,인사/노무
824,54419628,회계/재무
825,54419627,인사/노무
826,54419402,회계/재무
827,54419254,인사/노무
828,54418732,회계/재무
829,54418638,인사/노무
830,54314661,인사/노무
831,54405393,인사/노무
832,54417956,인사/노무
833,54417936,인사/노무
834,54417930,인사/노무
835,54260607,인사/노무
836,54417231,회계/재무
837,54417182,회계/재무
838,54417038,인사/노무
839,54416997,인사/노무
840,54416991,인사/노무
841,54416798,인사/노무
842,54416768,인사/노무
843,54416394,인사/노무
844,54415851,인사/노무
845,54415802,인사/노무
846,54415747,인사/노무
847,54415580,인사/노무
848,54408353,인사/노무
849,54415266,인사/노무
850,54415056,회계/재무
851,53608784,인사/노무
852,54391240,인사/노무
853,54411868,인사/노무
854,54410992,회계/재무
855,54410863,인사/노무
856,54410530,인사/노무
857,54410483,인사/노무
858,54410135,인사/노무
859,53983846,인사/노무
860,54409817,회계/재무
861,54409807,인사/노무
862,54409781,인사/노무
863,54409765,인사/노무
864,54409395,인사/노무
865,54409040,기획/전략
866,54346520,회계/재무
867,54408188,인사/노무
868,54407407,인사/노무
869,54314318,인사/노무
870,54282155,인사/노무
871,54407144,인사/노무
872,54333777,인사/노무
873,54406640,인사/노무
874,54242514,인사/노무
875,54406472,인사/노무
876,54405993,인사/노무
877,54374928,인사/노무
878,54405826,회계/재무
879,54405701,인사/노무
880,54392918,인사/노무
881,54405586,인사/노무
882,54405495,인사/노무
883,54405340,인사/노무
884,54404779,인사/노무
885,54404557,인사/노무
886,54404194,회계/재무
887,54404094,인사/노무
888,54403249,인사/노무
889,54402928,인사/노무
890,54402886,인사/노무
891,54402787,회계/재무
892,54395654,인사/노무
893,54391431,기획/전략
894,54367006,인사/노무
895,54270877,기획/전략
896,54397877,인사/노무
897,54397735,인사/노무
898,54397683,회계/재무
899,54397371,회계/재무
900,54397021,인사/노무
901,54322449,인사/노무
902,54395546,회계/재무
903,54384244,인사/노무
904,54058436,인사/노무
905,54395329,인사/노무
906,54395316,인사/노무
907,54395251,인사/노무
908,54258281,인사/노무
909,54393735,인사/노무
910,54348826,인사/노무
911,54393444,회계/재무
912,54392902,인사/노무
913,54392838,인사/노무
914,54235620,인사/노무
915,54392484,인사/노무
916,54258029,인사/노무
917,54391506,인사/노무
918,54391109,인사/노무
919,54390758,인사/노무
920,54390608,인사/노무
921,54390606,인사/노무
922,54390557,회계/재무
923,54390472,인사/노무
924,54390436,인사/노무
925,54390389,인사/노무
926,54390167,인사/노무
927,54346426,인사/노무
928,54389952,인사/노무
929,54389875,인사/노무
930,54389166,인사/노무
931,54244129,회계/재무
932,54385650,인사/노무
933,54385547,인사/노무
934,54385532,인사/노무
935,54385111,인사/노무
936,54384729,인사/노무
937,54256125,인사/노무
938,54384436,인사/노무
939,54384059,회계/재무
940,54202822,인사/노무
941,54383553,인사/노무
942,54349209,인사/노무
943,54214157,인사/노무
944,54382603,회계/재무
945,54291406,인사/노무
946,54382257,인사/노무
947,54382082,회계/재무
948,54381549,인사/노무
949,54381322,인사/노무
950,54381289,인사/노무
951,54380449,회계/재무
952,54380443,인사/노무
953,54380122,인사/노무
954,54323461,인사/노무
955,54106805,인사/노무
956,54379271,인사/노무
957,54378655,인사/노무
958,54378520,인사/노무
959,54378436,인사/노무
960,54378245,인사/노무
961,54378149,인사/노무
962,54364735,인사/노무
963,54377890,인사/노무
964,54148930,인사/노무
965,54377205,인사/노무
966,54376903,인사/노무
967,54279796,기획/전략
968,54376690,인사/노무
969,54359153,인사/노무
970,54375380,인사/노무
971,54375139,인사/노무
972,54339110,인사/노무
973,54374695,인사/노무
974,54374172,인사/노무
975,54373998,회계/재무
976,54373989,인사/노무
977,54373986,인사/노무
978,54373831,인사/노무
979,54323244,인사/노무
980,54373323,인사/노무
981,54339276,인사/노무
982,54372019,인사/노무
983,54364442,인사/노무
984,54370476,인사/노무
985,54370453,인사/노무
986,54366450,인사/노무
987,54366302,인사/노무
988,54366143,인사/노무
989,54366078,회계/재무
990,54366026,회계/재무
991,54365730,인사/노무
992,54364793,인사/노무
993,54199254,인사/노무
994,54364189,인사/노무
995,54363746,인사/노무
996,54363427,인사/노무
997,54362180,인사/노무
998,54361709,인사/노무
999,54394875,개발
1000,54291199,개발
1001,54450123,개발
1002,54350140,개발
1003,54105419,개발
1004,54358924,개발
1005,54432042,개발
1006,54407329,개발
1007,54419904,개발
1008,54381256,개발
1009,54376573,개발
1010,54366532,개발
1011,54352028,개발
1012,54336110,개발
1013,54290149,개발
1014,54259665,개발
1015,54322347,개발
1016,54321402,개발
1017,54047984,개발
1018,54310245,개발
1019,54288896,개발
1020,54205590,개발
1021,54220856,개발
1022,54220809,개발
1023,54217984,개발
1024,54204925,개발
1025,54179463,개발
1026,54190280,개발
1027,54116530,개발
1028,54432593,개발
1029,54397724,개발
1030,54333502,개발
1031,54378102,인사/노무
1032,54452623,개발
1033,54451638,개발
1034,54451340,개발
1035,54451125,개발
1036,54451081,개발
1037,54448797,개발
1038,54448493,개발
1039,54238691,개발
1040,54447933,개발
1041,54267659,개발
1042,54447651,개발
1043,54213977,개발
1044,54445564,개발
1045,54445154,개발
1046,54392161,개발
1047,54347284,개발
1048,54332383,개발
1049,54397824,개발
1050,54442945,개발
1051,54442937,개발
1052,54442637,개발
1053,54071718,개발
1054,54441979,개발
1055,54441603,개발
1056,54350892,개발
1057,54422146,개발
1058,54393141,개발
1059,54416201,개발
1060,54191322,개발
1061,54438787,개발
1062,54433972,개발
1063,54433942,개발
1064,54433570,개발
1065,54433557,개발
1066,54392290,개발
1067,54325724,개발
1068,54431243,개발
1069,54430925,개발
1070,54381643,개발
1071,54428548,개발
1072,54428307,개발
1073,54405006,개발
1074,54427867,개발
1075,54126060,개발
1076,54427074,개발
1077,54427069,개발
1078,54427054,개발
1079,54420328,개발
1080,54405067,개발
1081,54420034,개발
1082,54363243,개발
1083,54418452,개발
1084,54418408,개발
1085,54418330,개발
1086,54416893,개발
1087,54415833,개발
1088,54414763,개발
1089,54390964,개발
1090,54414008,개발
1091,54199891,개발
1092,54310249,개발
1093,54408526,개발
1094,54408173,개발
1095,54407783,개발
1096,54407772,개발
1097,54407753,개발
1098,54268335,개발
1099,54406054,개발
1100,54406047,개발
1101,54404249,개발
1102,54394964,개발
1103,53642664,개발
1104,54399741,개발
1105,54397830,개발
1106,54396800,개발
1107,54396736,개발
1108,54395901,개발
1109,54395348,개발
1110,54394980,개발
1111,54394344,개발
1112,54393688,개발
1113,54393015,개발
1114,54390607,개발
1115,54389991,개발
1116,54383801,개발
1117,54388289,개발
1118,54385867,개발
1119,54383072,개발
1120,54381571,개발
1121,54281505,개발
1122,54380576,개발
1123,54379981,개발
1124,54023019,개발
1125,54377947,개발
1126,54365717,개발
1127,54171582,개발
1128,54374607,개발
1129,54223804,개발
1130,54338322,개발
1131,54362789,개발
1132,54359298,개발
1133,54351998,개발
1134,54351898,개발
1135,54364955,개발
1136,54364319,개발
1137,54362488,개발
1138,54362367,개발
1139,54244394,개발
1140,54358970,개발
1141,54358613,개발
1142,53940457,개발
1143,54351071,개발
1144,54350793,개발
1145,54349991,개발
1146,54339712,개발
1147,54271060,개발
1148,54334951,개발
1149,54272298,개발
1150,54340877,개발
1151,54340319,개발
1152,54272743,개발
1153,54214720,개발
1154,54313096,개발
1155,54338498,개발
1156,54335957,마케팅
1157,54335872,개발
1158,54309924,개발
1159,54335286,개발
1160,53947304,개발
1161,54332431,개발
1162,54332224,개발
1163,54251795,개발
1164,54326213,개발
1165,54259327,개발
1166,54321358,개발
1167,54320926,개발
1168,54320773,개발
1169,54320645,개발
1170,54319794,개발
1171,54319630,개발
1172,54313135,개발
1173,54236342,개발
1174,54311906,개발
1175,54311736,개발
1176,54310793,개발
1177,54308904,개발
1178,54180779,개발
1179,54305851,개발
1180,54060629,개발
1181,54016963,개발
1182,54269024,개발
1183,54261307,개발
1184,54224800,개발
1185,54301258,개발
1186,54296922,개발
1187,54290492,개발
1188,54287805,개발
1189,54283226,개발
1190,54282292,개발
1191,53919795,개발
1192,54277928,개발
1193,54226481,개발
1194,54268106,개발
1195,54266607,개발
1196,54190709,개발
1197,54263237,개발
1198,54235788,개발
1199,54255521,개발
1200,54254807,개발
1201,54254709,개발
1202,54253213,개발
1203,54247657,개발
1204,54247600,개발
1205,54246053,개발
1206,54244237,개발
1207,54235374,개발
1208,54229973,개발
1209,54229930,개발
1210,54226845,개발
1211,54224188,개발
1212,54223838,개발
1213,54218448,개발
1214,54214400,개발
1215,54193380,개발
1216,54200429,개발
1217,54197618,개발
1218,54098445,개발
1219,54193023,개발
1220,54189058,개발
1221,54180020,개발
1222,54179947,개발
1223,54000460,개발
1224,54179293,개발
1225,54074991,개발
1226,54176034,개발
1227,54175816,개발
1228,54172366,개발
1229,54172365,개발
1230,54171777,개발
1231,54166185,개발
1232,54156950,개발
1233,54136355,개발
1234,54133661,개발
1235,54133629,개발
1236,54087484,개발
1237,54056540,개발
1238,54055113,개발
1239,54022122,개발
1240,54002253,개발
1241,53990999,개발
1242,53985707,개발
1243,53941623,개발
1244,53931582,개발
1245,54418620,개발
1246,54422235,개발
1247,54422769,개발
1248,54227340,개발
1249,54358991,개발
1250,54429779,개발
1251,54427957,개발
1252,54397406,개발
1253,54405298,개발
1254,54268380,개발
1255,54350239,개발
1256,54363767,개발
1257,54328722,개발
1258,54351340,개발
1259,54335705,개발
1260,54258136,개발
1261,54332451,개발
1262,54325694,개발
1263,54325642,개발
1264,54189772,개발
1265,54306506,개발
1266,54296079,개발
1267,54228615,개발
1268,54220369,개발
1269,54215284,개발
1270,54175559,개발
1271,54142098,개발
1272,54112749,개발
1273,54049106,개발
1274,53989148,개발
1275,53971757,개발
1276,54452495,개발
1277,54451911,개발
1278,54450348,개발
1279,54450217,개발
1280,54449901,개발
1281,54448786,개발
1282,54448062,개발
1283,54445223,개발
1284,54419822,개발
1285,54407362,개발
1286,54312592,개발
1287,54438949,개발
1288,54438541,개발
1289,54416411,개발
1290,54319910,개발
1291,54434161,개발
1292,54433664,개발
1293,54089727,개발
1294,54159022,개발
1295,54432550,개발
1296,54431304,개발
1297,54407355,개발
1298,54430485,개발
1299,54429930,개발
1300,54429652,개발
1301,54184691,개발
1302,54428355,개발
1303,54422143,개발
1304,54426831,개발
1305,54422364,개발
1306,54426297,개발
1307,54424672,개발
1308,54424612,개발
1309,54395489,개발
1310,54419975,개발
1311,54418737,개발
1312,54418524,개발
1313,54418135,개발
1314,54382863,개발
1315,54415516,개발
1316,54410745,개발
1317,54283801,개발
1318,54407798,개발
1319,54407646,개발
1320,54407136,개발
1321,54406993,개발
1322,54406955,개발
1323,54403258,개발
1324,54402905,개발
1325,54397846,개발
1326,54396843,개발
1327,54396167,개발
1328,54395846,개발
1329,54395437,개발
1330,54393826,개발
1331,54393451,개발
1332,54383232,개발
1333,54391714,개발
1334,54390862,개발
1335,54390853,개발
1336,54390356,개발
1337,54295821,개발
1338,54384844,개발
1339,54382326,개발
1340,54378146,개발
1341,54377423,개발
1342,54076299,개발
1343,54331855,개발
1344,54373413,개발
1345,54365568,개발
1346,54365405,개발
1347,54157818,개발
1348,54362947,개발
1349,54360634,개발
1350,54042427,개발
1351,54359215,개발
1352,54355054,개발
1353,54353922,개발
1354,54352586,개발
1355,54003925,개발
1356,54350547,개발
1357,54329721,개발
1358,54206887,개발
1359,54335862,개발
1360,54344892,개발
1361,54340420,개발
1362,54289554,개발
1363,54338570,개발
1364,54337345,개발
1365,54336929,개발
1366,54336863,개발
1367,54335366,개발
1368,54334665,개발
1369,54332741,개발
1370,54332382,개발
1371,54331803,개발
1372,54331785,개발
1373,54310198,개발
1374,54324952,개발
1375,53942016,개발
1376,54322332,개발
1377,54322052,개발
1378,54310074,개발
1379,54309076,개발
1380,54308104,개발
1381,54308014,개발
1382,54307962,개발
1383,54307817,개발
1384,54242320,개발
1385,54306745,개발
1386,54304757,개발
1387,54302796,개발
1388,54300954,개발
1389,54301204,개발
1390,54294085,개발
1391,54293331,개발
1392,54281157,개발
1393,54283278,개발
1394,54290077,개발
1395,54288248,개발
1396,53983548,개발
1397,54283587,개발
1398,53979938,개발
1399,54280486,개발
1400,54190438,개발
1401,54279092,개발
1402,54272010,개발
1403,54261329,개발
1404,54260216,개발
1405,54201654,개발
1406,54254925,개발
1407,54052972,개발
1408,54249407,개발
1409,54247764,개발
1410,54247733,개발
1411,54242705,개발
1412,54242058,개발
1413,54239589,개발
1414,54239109,개발
1415,54237580,개발
1416,54228939,개발
1417,53976835,개발
1418,54219481,개발
1419,54226344,개발
1420,54225167,개발
1421,54224585,개발
1422,54189860,개발
1423,54219612,개발
1424,54218206,개발
1425,54216425,개발
1426,54215349,개발
1427,54215343,개발
1428,54212957,개발
1429,54194177,개발
1430,54207087,개발
1431,54201807,개발
1432,54192670,개발
1433,54190320,개발
1434,54188373,개발
1435,54188006,개발
1436,54186469,개발
1437,54181969,개발
1438,54178654,개발
1439,54178591,개발
1440,54174926,개발
1441,54172189,개발
1442,54170280,개발
1443,53986442,개발
1444,54139994,개발
1445,54137955,개발
1446,54089546,개발
1447,54054300,개발
1448,54048496,개발
1449,54022926,개발
1450,53966905,개발
1451,53948621,개발
1452,53942576,개발
1453,53917314,개발
1454,53912220,개발
1455,54273057,개발
1456,54272981,개발
1457,54358779,개발
1458,54450791,개발
1459,54450668,개발
1460,54447779,개발
1461,54445372,개발
1462,54443481,개발
1463,54441339,개발
1464,54420756,개발
1465,54004502,개발
1466,54406599,개발
1467,54333122,개발
1468,54014988,개발
1469,54402727,개발
1470,54377633,개발
1471,54375785,개발
1472,54358242,개발
1473,54340223,개발
1474,54309292,개발
1475,54350951,개발
1476,54334826,개발
1477,54325965,개발
1478,54323747,개발
1479,54160029,개발
1480,54271343,개발
1481,54214915,개발
1482,54216447,개발
1483,54194512,개발
1484,54201846,개발
1485,54187643,개발
1486,54187341,개발
1487,54185640,개발
1488,54110515,개발
1489,53954891,개발
1490,53941642,개발
1491,53867937,개발
1492,54323907,개발
1493,54446690,개발
1494,54325613,개발
1495,54061193,개발
1496,54452650,개발
1497,54452512,개발
1498,54452344,개발
1499,54452312,개발
1500,54452244,개발
1501,54452182,개발
1502,54213833,개발
1503,54452167,개발
1504,54256256,개발
1505,54451614,개발
1506,54450915,개발
1507,54450822,개발
1508,54450633,개발
1509,54450445,개발
1510,54450439,개발
1511,54379461,개발
1512,54450353,개발
1513,54450334,개발
1514,54450321,개발
1515,54396820,개발
1516,54449860,개발
1517,54280660,개발
1518,54001953,개발
1519,54449470,개발
1520,54449033,개발
1521,54448747,개발
1522,54448393,개발
1523,54448337,개발
1524,54448321,개발
1525,54447744,개발
1526,54447646,개발
1527,54344991,개발
1528,54447578,개발
1529,54447248,개발
1530,54446700,회계/재무
1531,54446589,개발
1532,54361349,개발
1533,54361334,개발
1534,54446236,개발
1535,54446062,개발
1536,54339967,개발
1537,53932398,개발
1538,54445101,개발
1539,54411882,개발
1540,54347264,개발
1541,54076186,개발
1542,54444397,개발
1543,54202541,개발
1544,54443995,개발
1545,54443966,개발
1546,54443858,개발
1547,54443762,개발
1548,54023110,개발
1549,54433545,개발
1550,54443472,개발
1551,54379123,개발
1552,54408511,개발
1553,54442917,개발
1554,54442909,개발
1555,54442895,개발
1556,54442547,개발
1557,53982230,개발
1558,54372127,개발
1559,53927911,개발
1560,54431294,개발
1561,53982196,개발
1562,54442359,개발
1563,54442331,개발
1564,54442225,개발
1565,54409768,개발
1566,54430166,개발
1567,54441335,개발
1568,54440763,개발
1569,54440605,개발
1570,54440358,개발
1571,54440338,개발
1572,54428738,개발
1573,54428557,개발
1574,54422542,개발
1575,54419381,개발
1576,54438873,개발
1577,54438755,개발
1578,54438651,개발
1579,54438493,개발
1580,54438467,개발
1581,54438450,개발
1582,54438269,개발
1583,54437961,개발
1584,54415396,개발
1585,54415605,개발
1586,54407866,개발
1587,54407873,개발
1588,54434840,개발
1589,54434339,개발
1590,54324439,개발
1591,54056634,개발
1592,54433533,개발
1593,54433409,개발
1594,54433406,개발
1595,54433403,개발
1596,54373768,개발
1597,54433302,개발
1598,54432771,개발
1599,54432228,개발
1600,54432152,개발
1601,54431673,개발
1602,54431586,개발
1603,54430186,개발
1604,54429989,개발
1605,54378494,개발
1606,54429671,개발
1607,54379387,개발
1608,54378659,개발
1609,54347895,개발
1610,54334127,개발
1611,54428531,개발
1612,54428424,개발
1613,54428161,개발
1614,54402712,개발
1615,54402709,개발
1616,53996740,개발
1617,54391405,개발
1618,54427501,개발
1619,54292585,개발
1620,54427063,개발
1621,54416039,개발
1622,54402500,개발
1623,54409849,개발
1624,54334048,개발
1625,54423224,개발
1626,54422484,개발
1627,54422369,개발
1628,54124560,개발
1629,54322135,개발
1630,54422190,개발
1631,54422169,개발
1632,54420761,개발
1633,54420200,개발
1634,54405624,개발
1635,54405672,개발
1636,54419826,개발
1637,54191098,개발
1638,54137017,개발
1639,54364204,개발
1640,54418877,개발
1641,54418662,개발
1642,54418467,개발
1643,54418380,개발
1644,54418293,개발
1645,54417777,개발
1646,54417130,개발
1647,54416961,개발
1648,54416717,개발
1649,54416547,개발
1650,54416378,개발
1651,54416375,개발
1652,54410624,개발
1653,54415557,개발
1654,54415333,개발
1655,54119785,개발
1656,54132493,개발
1657,54414638,개발
1658,54224645,개발
1659,54224594,개발
1660,54414524,개발
1661,54414499,개발
1662,54392094,개발
1663,54390732,개발
1664,54410088,개발
1665,54359357,개발
1666,54409742,개발
1667,54409733,개발
1668,54409505,개발
1669,54408784,개발
1670,54408742,개발
1671,54408243,개발
1672,54105931,개발
1673,54407879,개발
1674,54337981,개발
1675,54407650,마케팅
1676,54407321,개발
1677,54407287,개발
1678,54227481,개발
1679,54227425,개발
1680,54405876,개발
1681,54405704,개발
1682,54405408,개발
1683,54405387,개발
1684,54405280,개발
1685,54404503,개발
1686,54404358,개발
1687,54404179,개발
1688,54404131,개발
1689,54235616,개발
1690,54360040,개발
1691,53843251,개발
1692,54402365,개발
1693,54402363,개발
1694,54402361,개발
1695,54398229,개발
1696,54382406,개발
1697,54396752,개발
1698,54396738,개발
1699,54396680,개발
1700,54396597,개발
1701,54396206,개발
1702,54395698,개발
1703,54336762,개발
1704,54394521,개발
1705,54394377,개발
1706,54334136,개발
1707,54393163,개발
1708,54219775,개발
1709,54294804,개발
1710,54346775,개발
1711,54389643,개발
1712,54389539,개발
1713,54389264,개발
1714,54339058,개발
1715,54339156,개발
1716,54385217,개발
1717,54385214,개발
1718,54109454,개발
1719,54384574,개발
1720,54363501,개발
1721,54313027,개발
1722,54383766,개발
1723,54015137,개발
1724,54382686,개발
1725,54382217,개발
1726,54382197,개발
1727,54381952,개발
1728,54381309,개발
1729,54381066,개발
1730,54380791,개발
1731,54380789,개발
1732,54134392,개발
1733,54379829,개발
1734,54377473,개발
1735,54377003,개발
1736,54107557,개발
1737,54376471,개발
1738,54375960,개발
1739,54374990,개발
1740,53940453,개발
1741,54364990,개발
1742,54373875,개발
1743,54373627,개발
1744,54373149,개발
1745,54303006,개발
1746,54295477,개발
1747,54334701,개발
1748,54371494,개발
1749,54370856,개발
1750,54370837,개발
1751,54368749,개발
1752,54368391,개발
1753,54367475,개발
1754,54366897,개발
1755,54053642,개발
1756,54223892,개발
1757,54366131,개발
1758,54365920,개발
1759,54365681,개발
1760,54350999,개발
1761,54340505,개발
1762,54353856,개발
1763,54363050,개발
1764,54362884,개발
1765,54362723,개발
1766,54360977,개발
1767,54360854,개발
1768,54360648,개발
1769,54360188,개발
1770,54360016,개발
1771,54359832,개발
1772,54358809,개발
1773,54358630,개발
1774,54050544,개발
1775,54355049,개발
1776,53862947,개발
1777,53911901,개발
1778,54313072,개발
1779,54353327,개발
1780,54325873,개발
1781,54352126,개발
1782,54351632,개발
1783,54351328,개발
1784,54059094,개발
1785,54351247,개발
1786,54351142,개발
1787,54350904,개발
1788,54350685,개발
1789,54350517,개발
1790,54350326,개발
1791,54350241,개발
1792,54350141,개발
1793,54349796,개발
1794,54348435,개발
1795,54348204,개발
1796,53990824,개발
1797,54347625,개발
1798,54347596,개발
1799,54347577,개발
1800,54347566,개발
1801,54347383,개발
1802,54347242,개발
1803,54346904,개발
1804,54340864,개발
1805,54340645,개발
1806,54340633,개발
1807,54340157,개발
1808,54339604,개발
1809,54339212,개발
1810,54338183,개발
1811,54337785,개발
1812,54336649,개발
1813,54336385,개발
1814,54336049,개발
1815,54324966,개발
1816,54335721,개발
1817,54323951,개발
1818,54091740,개발
1819,54331842,개발
1820,54307629,개발
1821,54331695,개발
1822,54331503,개발
1823,52952592,개발
1824,54331134,개발
1825,54252471,개발
1826,54252049,인사/노무
1827,54304353,개발
1828,54305605,개발
1829,53901733,개발
1830,54325752,개발
1831,54325621,개발
1832,54325110,개발
1833,54324656,개발
1834,54324446,개발
1835,54324324,개발
1836,54324009,개발
1837,54323422,개발
1838,54323227,개발
1839,54323103,개발
1840,54321072,개발
1841,54321021,개발
1842,54010693,개발
1843,54310333,개발
1844,54318410,개발
1845,54318327,개발
1846,53927276,개발
1847,53927277,개발
1848,53587684,개발
1849,54248566,개발
1850,54314846,개발
1851,54314825,개발
1852,54314110,개발
1853,54172838,개발
1854,54313375,개발
1855,54312799,개발
1856,54312031,개발
1857,54311950,개발
1858,54311929,개발
1859,54311899,개발
1860,54226544,개발
1861,54311153,개발
1862,54283323,개발
1863,54310158,개발
1864,54001288,개발
1865,54307185,개발
1866,54280988,개발
1867,54306232,개발
1868,54306203,개발
1869,53988716,개발
1870,54304312,개발
1871,54304208,개발
1872,54301288,개발
1873,54303913,개발
1874,53927809,개발
1875,53927752,개발
1876,54303557,개발
1877,54302487,개발
1878,54281886,회계/재무
1879,54149474,개발
1880,54295235,개발
1881,54294711,개발
1882,54294597,개발
1883,54292465,개발
1884,54290790,개발
1885,54290533,개발
1886,53989378,개발
1887,54290379,개발
1888,54289978,개발
1889,54289828,개발
1890,54289752,개발
1891,54289468,개발
1892,54288705,개발
1893,53981378,개발
1894,54283862,개발
1895,54283500,개발
1896,54282279,개발
1897,54075739,개발
1898,54281476,개발
1899,53942987,개발
1900,54279026,개발
1901,54278424,개발
1902,54273491,개발
1903,54273333,개발
1904,54273038,회계/재무
1905,54272264,개발
1906,54226494,개발
1907,54176896,개발
1908,54158776,개발
1909,54255019,개발
1910,54116995,개발
1911,54236353,개발
1912,54267055,개발
1913,54236950,개발
1914,54260910,개발
1915,54260753,개발
1916,54260555,개발
1917,54260416,개발
1918,54260259,개발
1919,54180182,개발
1920,54259637,개발
1921,54259594,마케팅
1922,54257480,개발
1923,54257137,개발
1924,54256954,개발
1925,54256768,개발
1926,54256670,개발
1927,54255470,개발
1928,54255423,개발
1929,54255246,개발
1930,54254179,개발
1931,54254162,개발
1932,54249117,개발
1933,53912365,개발
1934,54248136,개발
1935,54188622,개발
1936,54004689,개발
1937,54247189,개발
1938,54246314,개발
1939,53931531,개발
1940,54242521,인사/노무
1941,54241950,개발
1942,54241788,개발
1943,53929155,개발
1944,54241512,개발
1945,54241337,개발
1946,54240275,개발
1947,54240077,개발
1948,54239892,개발
1949,54239854,개발
1950,54239357,개발
1951,54238794,개발
1952,54238392,개발
1953,54238110,개발
1954,54238088,개발
1955,54236796,개발
1956,54235757,개발
1957,54230388,개발
1958,54204377,개발
1959,54228633,개발
1960,54227736,개발
1961,54014904,개발
1962,54225968,개발
1963,54225411,개발
1964,54223664,개발
1965,54220945,개발
1966,54220424,개발
1967,54218942,개발
1968,54193212,개발
1969,54218088,개발
1970,54217115,개발
1971,54216806,개발
1972,54216375,개발
1973,54214966,개발
1974,54214794,개발
1975,53935952,개발
1976,54214058,개발
1977,54000871,개발
1978,54207543,개발
1979,54173852,개발
1980,54194154,개발
1981,53925347,개발
1982,54194458,개발
1983,54193816,개발
1984,54159997,개발
1985,54192228,개발
1986,54192126,개발
1987,54191375,개발
1988,54191224,개발
1989,54190689,개발
1990,54189454,개발
1991,54185993,개발
1992,54185358,개발
1993,54183377,개발
1994,54353275,회계/재무
1995,54428005,회계/재무
1996,54334469,회계/재무
1997,54364606,회계/재무
1998,54404822,회계/재무
1999,54397043,인사/노무
2000,54308456,회계/재무
2001,54307903,회계/재무
2002,54432670,회계/재무
2003,54346822,회계/재무
2004,54416683,회계/재무
2005,54431259,회계/재무
2006,54450389,회계/재무
2007,54353803,회계/재무
2008,54396500,회계/재무
2009,54450326,회계/재무
2010,54452052,기획/전략
2011,54333321,회계/재무
2012,54417184,인사/노무
2013,54381034,회계/재무
2014,54218966,인사/노무
2015,54394372,회계/재무
2016,54416624,회계/재무
2017,54366606,회계/재무
2018,54452836,회계/재무
2019,54452812,회계/재무
2020,54452702,회계/재무
2021,54452694,회계/재무
2022,54452610,회계/재무
2023,54452566,회계/재무
2024,54434847,회계/재무
2025,54452200,회계/재무
2026,54378396,회계/재무
2027,54283451,회계/재무
2028,54451771,회계/재무
2029,54451683,회계/재무
2030,54451457,회계/재무
2031,54451346,회계/재무
2032,54451314,회계/재무
2033,54451064,회계/재무
2034,54450844,회계/재무
2035,54434307,회계/재무
2036,54331363,회계/재무
2037,54450679,회계/재무
2038,54431075,인사/노무
2039,54450172,회계/재무
2040,54379343,회계/재무
2041,54449790,인사/노무
2042,54449789,회계/재무
2043,54449557,회계/재무
2044,54449489,회계/재무
2045,54449381,회계/재무
2046,54449187,회계/재무
2047,54186696,회계/재무
2048,54449040,회계/재무
2049,54205550,회계/재무
2050,54448926,회계/재무
2051,54448732,회계/재무
2052,54448152,회계/재무
2053,54448120,회계/재무
2054,54448114,회계/재무
2055,54229727,인사/노무
2056,54447963,회계/재무
2057,54310254,회계/재무
2058,54447804,회계/재무
2059,54447783,회계/재무
2060,54447660,회계/재무
2061,54447404,회계/재무
2062,54447389,회계/재무
2063,54447337,회계/재무
2064,54347138,회계/재무
2065,54447149,회계/재무
2066,54138323,회계/재무
2067,54371153,회계/재무
2068,54371167,회계/재무
2069,54446622,회계/재무
2070,54371208,회계/재무
2071,54446431,회계/재무
2072,54446231,회계/재무
2073,54446221,회계/재무
2074,54445960,회계/재무
2075,54445876,회계/재무
2076,54305331,인사/노무
2077,54317146,회계/재무
2078,54422175,회계/재무
2079,54421900,회계/재무
2080,54445430,회계/재무
2081,54445186,회계/재무
2082,54445144,회계/재무
2083,54445117,회계/재무
2084,53968812,회계/재무
2085,54445007,회계/재무
2086,54434059,회계/재무
2087,54444812,회계/재무
2088,54346479,회계/재무
2089,54444406,인사/노무
2090,54444377,회계/재무
2091,54444321,회계/재무
2092,54433960,회계/재무
2093,54359655,회계/재무
2094,54444228,회계/재무
2095,54434300,회계/재무
2096,54443978,회계/재무
2097,54420308,회계/재무
2098,54420318,회계/재무
2099,54443721,회계/재무
2100,54420352,회계/재무
2101,54420363,회계/재무
2102,54147163,마케팅
2103,54363874,회계/재무
2104,54180172,회계/재무
2105,54443458,회계/재무
2106,54418504,회계/재무
2107,54443347,인사/노무
2108,54443344,회계/재무
2109,54443190,회계/재무
2110,54443045,회계/재무
2111,54339696,회계/재무
2112,54443023,회계/재무
2113,54058745,회계/재무
2114,54214608,회계/재무
2115,54427191,회계/재무
2116,54442507,회계/재무
2117,54442431,회계/재무
2118,54442342,회계/재무
2119,54442321,회계/재무
2120,54427195,인사/노무
2121,54442109,회계/재무
2122,54327143,회계/재무
2123,54389397,회계/재무
2124,53828909,회계/재무
2125,54386009,회계/재무
2126,54331504,회계/재무
2127,54441662,회계/재무
2128,54428065,마케팅
2129,54441405,회계/재무
2130,54440674,회계/재무
2131,54440513,회계/재무
2132,54440432,회계/재무
2133,54433470,회계/재무
2134,54430943,회계/재무
2135,54430994,회계/재무
2136,54440314,회계/재무
2137,54416172,회계/재무
2138,54429154,회계/재무
2139,54405664,회계/재무
2140,54439579,회계/재무
2141,54410786,회계/재무
2142,54439435,회계/재무
2143,54428665,회계/재무
2144,54434936,회계/재무
2145,54420291,회계/재무
2146,54077725,회계/재무
2147,54438771,마케팅
2148,54438481,회계/재무
2149,54438437,회계/재무
2150,54438294,회계/재무
2151,54438291,회계/재무
2152,54438207,회계/재무
2153,54438203,회계/재무
2154,54438196,회계/재무
2155,54437915,회계/재무
2156,54407844,회계/재무
2157,54435888,회계/재무
2158,54415386,인사/노무
2159,54434932,회계/재무
2160,54434846,회계/재무
2161,54434491,회계/재무
2162,54434410,회계/재무
2163,54434158,회계/재무
2164,54433927,회계/재무
2165,54433771,회계/재무
2166,54433765,회계/재무
2167,54433328,회계/재무
2168,54331705,회계/재무
2169,54433221,회계/재무
2170,54267476,회계/재무
2171,54433109,회계/재무
2172,54306973,회계/재무
2173,54433047,회계/재무
2174,54432996,회계/재무
2175,54365547,회계/재무
2176,54337629,회계/재무
2177,54432718,회계/재무
2178,54432699,회계/재무
2179,54432479,회계/재무
2180,54353586,회계/재무
2181,54431877,회계/재무
2182,54431598,회계/재무
2183,54431409,회계/재무
2184,54431273,회계/재무
2185,54431160,회계/재무
2186,54431123,회계/재무
2187,54431111,회계/재무
2188,54430868,회계/재무
2189,54430825,회계/재무
2190,54430818,회계/재무
2191,54430764,회계/재무
2192,54283911,회계/재무
2193,54410118,회계/재무
2194,54430545,회계/재무
2195,54430494,회계/재무
2196,54430450,인사/노무
2197,54430275,회계/재무
2198,54430145,회계/재무
2199,54430119,회계/재무
2200,54430065,회계/재무
2201,54429916,회계/재무
2202,54397480,회계/재무
2203,54429698,회계/재무
2204,54429624,회계/재무
2205,54429306,회계/재무
2206,54429018,회계/재무
2207,54393707,회계/재무
2208,54428920,인사/노무
2209,54428917,회계/재무
2210,54361692,회계/재무
2211,54428876,회계/재무
2212,54361720,회계/재무
2213,54392383,회계/재무
2214,54428301,회계/재무
2215,54427757,회계/재무
2216,54427680,회계/재무
2217,54427570,회계/재무
2218,54426752,회계/재무
2219,54421805,회계/재무
2220,54382605,회계/재무
2221,54333776,인사/노무
2222,54063264,회계/재무
2223,54314790,회계/재무
2224,54422875,회계/재무
2225,54422430,회계/재무
2226,54422269,회계/재무
2227,54422020,회계/재무
2228,54421584,회계/재무
2229,54421552,회계/재무
2230,54089149,회계/재무
2231,54362643,회계/재무
2232,54420213,회계/재무
2233,54419893,회계/재무
2234,54419648,회계/재무
2235,54283374,회계/재무
2236,54419474,회계/재무
2237,54213514,회계/재무
2238,54419366,회계/재무
2239,54419064,회계/재무
2240,54385707,회계/재무
2241,54418842,회계/재무
2242,54418837,회계/재무
2243,54418716,회계/재무
2244,54418669,회계/재무
2245,54418548,회계/재무
2246,54334678,회계/재무
2247,54418305,회계/재무
2248,54418262,회계/재무
2249,54418105,회계/재무
2250,54417933,회계/재무
2251,54417661,회계/재무
2252,54417660,회계/재무
2253,54417598,회계/재무
2254,54417504,회계/재무
2255,54417449,회계/재무
2256,54417183,회계/재무
2257,54417153,회계/재무
2258,54417107,회계/재무
2259,54416751,회계/재무
2260,54308666,회계/재무
2261,54416413,회계/재무
2262,54416105,회계/재무
2263,54415926,회계/재무
2264,54415922,회계/재무
2265,54268769,회계/재무
2266,54103848,회계/재무
2267,54415403,회계/재무
2268,54415007,회계/재무
2269,54410178,회계/재무
2270,54410282,회계/재무
2271,54414917,회계/재무
2272,54397437,회계/재무
2273,54291502,회계/재무
2274,54411892,회계/재무
2275,54411058,회계/재무
2276,54410923,회계/재무
2277,54410707,회계/재무
2278,54410580,회계/재무
2279,54303683,회계/재무
2280,54410198,회계/재무
2281,54410160,회계/재무
2282,54410015,인사/노무
2283,54410001,회계/재무
2284,54409995,회계/재무
2285,54409994,회계/재무
2286,54409881,회계/재무
2287,54409798,회계/재무
2288,54409734,회계/재무
2289,54409396,회계/재무
2290,54409021,회계/재무
2291,54408998,회계/재무
2292,54408759,회계/재무
2293,54408696,회계/재무
2294,54349082,회계/재무
2295,54407183,회계/재무
2296,54406697,회계/재무
2297,54181597,회계/재무
2298,54336262,회계/재무
2299,54406424,회계/재무
2300,54347750,회계/재무
2301,54395424,회계/재무
2302,54405771,회계/재무
2303,54405655,회계/재무
2304,54405507,회계/재무
2305,53971545,회계/재무
2306,54405004,인사/노무
2307,54398145,회계/재무
2308,54404879,회계/재무
2309,54314564,회계/재무
2310,54404235,회계/재무
2311,54404061,회계/재무
2312,54403679,회계/재무
2313,54395453,회계/재무
2314,54403144,회계/재무
2315,54403003,회계/재무
2316,54402764,회계/재무
2317,53952453,회계/재무
2318,54380238,회계/재무
2319,54380292,회계/재무
2320,54231263,회계/재무
2321,54398023,인사/노무
2322,54398013,회계/재무
2323,54360339,회계/재무
2324,54397882,회계/재무
2325,54397300,기획/전략
2326,54397281,회계/재무
2327,54397104,회계/재무
2328,54396987,회계/재무
2329,54160377,회계/재무
2330,54396314,회계/재무
2331,54354063,회계/재무
2332,54071544,회계/재무
2333,54395936,인사/노무
2334,54277666,회계/재무
2335,54395831,회계/재무
2336,54395786,회계/재무
2337,54395762,회계/재무
2338,54395476,회계/재무
2339,54395461,인사/노무
2340,54395229,회계/재무
2341,54394871,인사/노무
2342,54351287,인사/노무
2343,54394508,회계/재무
2344,54394094,개발
2345,54393671,회계/재무
2346,54187872,회계/재무
2347,54393206,회계/재무
2348,54393003,회계/재무
2349,54392471,회계/재무
2350,54392375,회계/재무
2351,54306965,회계/재무
2352,54292999,회계/재무
2353,54391231,회계/재무
2354,54391181,회계/재무
2355,54390947,회계/재무
2356,54390359,회계/재무
2357,54390318,회계/재무
2358,54350761,인사/노무
2359,54390224,회계/재무
2360,54389516,회계/재무
2361,54389367,회계/재무
2362,54365786,회계/재무
2363,54385696,회계/재무
2364,54385341,회계/재무
2365,54385080,회계/재무
2366,54384923,회계/재무
2367,54384075,회계/재무
2368,54383759,회계/재무
2369,54383574,회계/재무
2370,54383490,회계/재무
2371,54383322,회계/재무
2372,54383252,회계/재무
2373,54383005,인사/노무
2374,54242735,회계/재무
2375,54382419,회계/재무
2376,54381382,회계/재무
2377,54381346,회계/재무
2378,54381296,회계/재무
2379,54381163,회계/재무
2380,54380136,회계/재무
2381,54379736,회계/재무
2382,54106340,회계/재무
2383,54078159,회계/재무
2384,54359310,회계/재무
2385,54378881,회계/재무
2386,54378794,회계/재무
2387,54272215,회계/재무
2388,54378084,회계/재무
2389,54377836,회계/재무
2390,54347287,회계/재무
2391,54377756,회계/재무
2392,54377093,회계/재무
2393,54376793,회계/재무
2394,54376734,회계/재무
2395,54376047,회계/재무
2396,54375890,회계/재무
2397,54375760,회계/재무
2398,54219867,회계/재무
2399,54375184,회계/재무
2400,54374569,회계/재무
2401,54374534,회계/재무
2402,54361774,회계/재무
2403,54374425,인사/노무
2404,54374188,회계/재무
2405,54374114,회계/재무
2406,54373975,회계/재무
2407,54373759,회계/재무
2408,54364705,회계/재무
2409,54373605,회계/재무
2410,54366566,회계/재무
2411,54361956,회계/재무
2412,54373111,회계/재무
2413,54372101,회계/재무
2414,54372042,회계/재무
2415,54371984,회계/재무
2416,54371629,회계/재무
2417,54371310,회계/재무
2418,54371112,회계/재무
2419,54371066,회계/재무
2420,54120241,회계/재무
2421,54187694,회계/재무
2422,54366864,회계/재무
2423,54366772,회계/재무
2424,54366391,회계/재무
2425,54366376,회계/재무
2426,54365306,회계/재무
2427,54365266,회계/재무
2428,54365039,회계/재무
2429,54364981,회계/재무
2430,54364784,회계/재무
2431,54364555,회계/재무
2432,54364048,회계/재무
2433,54363835,회계/재무
2434,54363681,회계/재무
2435,54363553,회계/재무
2436,54363535,회계/재무
2437,54307763,회계/재무
2438,54361760,회계/재무
2439,54361475,회계/재무
2440,54360930,회계/재무
2441,54360645,회계/재무
2442,54360474,회계/재무
2443,54360182,회계/재무
2444,54359830,회계/재무
2445,54325241,회계/재무
2446,54292896,회계/재무
2447,54359498,회계/재무
2448,54359311,회계/재무
2449,54324878,회계/재무
2450,54359179,회계/재무
2451,54358740,회계/재무
2452,54358357,회계/재무
2453,54238159,회계/재무
2454,54357847,회계/재무
2455,54357803,회계/재무
2456,54334391,회계/재무
2457,54337314,회계/재무
2458,54322127,회계/재무
2459,54322132,회계/재무
2460,54354037,회계/재무
2461,54353920,회계/재무
2462,54339308,회계/재무
2463,54353450,회계/재무
2464,54352955,회계/재무
2465,54352681,회계/재무
2466,54352323,회계/재무
2467,54351636,회계/재무
2468,54351132,회계/재무
2469,54325154,회계/재무
2470,54214899,회계/재무
2471,54350794,회계/재무
2472,54350734,회계/재무
2473,54350364,회계/재무
2474,54350298,회계/재무
2475,54350259,인사/노무
2476,54350134,회계/재무
2477,54350042,회계/재무
2478,54349736,회계/재무
2479,54314807,회계/재무
2480,54349315,회계/재무
2481,54302675,회계/재무
2482,54284381,회계/재무
2483,54348125,회계/재무
2484,54348065,회계/재무
2485,54347850,회계/재무
2486,54347702,회계/재무
2487,54347685,회계/재무
2488,54347404,회계/재무
2489,54347377,회계/재무
2490,54347255,회계/재무
2491,54332091,회계/재무
2492,54320201,회계/재무
2493,54345845,회계/재무
2494,54345643,인사/노무
2495,54345406,회계/재무
2496,54321717,회계/재무
2497,54319558,회계/재무
2498,54283731,회계/재무
2499,53976253,회계/재무
2500,54340586,회계/재무
2501,54340515,회계/재무
2502,54340174,회계/재무
2503,54340085,회계/재무
2504,54339680,회계/재무
2505,54338780,회계/재무
2506,54338366,회계/재무
2507,54338345,회계/재무
2508,54338120,회계/재무
2509,54337927,회계/재무
2510,53913993,회계/재무
2511,54337493,회계/재무
2512,54337484,회계/재무
2513,54337470,회계/재무
2514,54323433,회계/재무
2515,54336426,회계/재무
2516,54335664,회계/재무
2517,54335587,회계/재무
2518,54335124,회계/재무
2519,54335106,회계/재무
2520,54334945,회계/재무
2521,54321020,회계/재무
2522,54334322,회계/재무
2523,54333017,회계/재무
2524,54332735,마케팅
2525,53982271,회계/재무
2526,54279876,회계/재무
2527,54320985,회계/재무
2528,54331972,인사/노무
2529,54325118,회계/재무
2530,54331925,회계/재무
2531,54329888,회계/재무
2532,54310849,회계/재무
2533,54304532,회계/재무
2534,54307157,회계/재무
2535,54307181,회계/재무
2536,54328854,회계/재무
2537,54327189,회계/재무
2538,54326749,인사/노무
2539,54326650,회계/재무
2540,54326182,회계/재무
2541,54325762,회계/재무
2542,54157641,회계/재무
2543,54112494,회계/재무
2544,54324502,회계/재무
2545,54323992,회계/재무
2546,54323862,회계/재무
2547,54323469,회계/재무
2548,54323297,인사/노무
2549,54322726,회계/재무
2550,54322668,회계/재무
2551,54322006,회계/재무
2552,54321728,회계/재무
2553,53903903,회계/재무
2554,54312424,회계/재무
2555,54320320,회계/재무
2556,54319904,회계/재무
2557,54319417,회계/재무
2558,54291798,인사/노무
2559,54318265,회계/재무
2560,54215567,회계/재무
2561,54314060,회계/재무
2562,54313562,회계/재무
2563,54313209,회계/재무
2564,54313093,회계/재무
2565,54243240,회계/재무
2566,54256930,회계/재무
2567,54178166,회계/재무
2568,54244988,회계/재무
2569,54312333,회계/재무
2570,54312316,회계/재무
2571,54312214,회계/재무
2572,54312052,회계/재무
2573,54311311,회계/재무
2574,54311162,회계/재무
2575,54207631,회계/재무
2576,54310686,회계/재무
2577,54310581,회계/재무
2578,54310096,회계/재무
2579,54309704,회계/재무
2580,54308157,회계/재무
2581,54060567,회계/재무
2582,54206043,회계/재무
2583,54307010,회계/재무
2584,54306160,회계/재무
2585,54279371,회계/재무
2586,54256619,회계/재무
2587,54305006,회계/재무
2588,54304116,회계/재무
2589,54016935,회계/재무
2590,54302423,회계/재무
2591,54295066,인사/노무
2592,54290581,회계/재무
2593,54288161,회계/재무
2594,54297778,회계/재무
2595,54281916,회계/재무
2596,54300120,회계/재무
2597,54292305,회계/재무
2598,54278778,회계/재무
2599,54277678,회계/재무
2600,54296377,회계/재무
2601,54296268,회계/재무
2602,54296267,회계/재무
2603,54296090,회계/재무
2604,54273102,회계/재무
2605,54295722,회계/재무
2606,54295478,회계/재무
2607,54294240,회계/재무
2608,54294084,회계/재무
2609,54294005,회계/재무
2610,54293956,회계/재무
2611,54292547,회계/재무
2612,54292528,회계/재무
2613,54292509,회계/재무
2614,54181419,회계/재무
2615,54291544,회계/재무
2616,54291529,회계/재무
2617,54291299,회계/재무
2618,54289504,회계/재무
2619,54289413,회계/재무
2620,54289277,회계/재무
2621,54272226,회계/재무
2622,54288398,회계/재무
2623,54204574,회계/재무
2624,54283434,회계/재무
2625,54283423,회계/재무
2626,54282507,회계/재무
2627,54203684,회계/재무
2628,54281536,회계/재무
2629,54281005,회계/재무
2630,54253709,회계/재무
2631,54280866,회계/재무
2632,54280087,회계/재무
2633,54194649,회계/재무
2634,54278856,회계/재무
2635,54273276,회계/재무
2636,54272487,회계/재무
2637,54270816,회계/재무
2638,54270318,회계/재무
2639,53968684,회계/재무
2640,54269916,회계/재무
2641,54269836,회계/재무
2642,54269832,회계/재무
2643,54268988,회계/재무
2644,54268835,회계/재무
2645,54268660,회계/재무
2646,54183144,회계/재무
2647,54268176,회계/재무
2648,54267492,회계/재무
2649,54219176,회계/재무
2650,54266835,회계/재무
2651,54256813,회계/재무
2652,53934877,회계/재무
2653,54244579,회계/재무
2654,54246486,회계/재무
2655,54259169,회계/재무
2656,54258858,회계/재무
2657,54258458,기획/전략
2658,54258265,회계/재무
2659,54226039,회계/재무
2660,54257983,회계/재무
2661,54257867,기획/전략
2662,54257657,회계/재무
2663,54200418,회계/재무
2664,54254640,회계/재무
2665,54246721,회계/재무
2666,54252957,회계/재무
2667,54217417,회계/재무
2668,54252691,인사/노무
2669,54252505,회계/재무
2670,54248298,회계/재무
2671,54248290,회계/재무
2672,54247420,회계/재무
2673,54246837,회계/재무
2674,54246415,회계/재무
2675,54245533,회계/재무
2676,54245049,회계/재무
2677,54244751,회계/재무
2678,53969793,회계/재무
2679,54243373,회계/재무
2680,54243046,회계/재무
2681,54242169,회계/재무
2682,54241570,회계/재무
2683,54241505,회계/재무
2684,54240697,회계/재무
2685,54239910,회계/재무
2686,54239583,회계/재무
2687,54223923,회계/재무
2688,54238360,인사/노무
2689,54238356,인사/노무
2690,54237904,회계/재무
2691,54172946,회계/재무
2692,54225859,회계/재무
2693,54217319,회계/재무
2694,54206208,회계/재무
2695,54227447,회계/재무
2696,54217409,회계/재무
2697,54201009,회계/재무
2698,54219678,회계/재무
2699,54219458,회계/재무
2700,54217938,회계/재무
2701,53902358,회계/재무
2702,54215159,회계/재무
2703,54214658,회계/재무
2704,54214128,회계/재무
2705,54213276,회계/재무
2706,54173481,회계/재무
2707,54193089,회계/재무
2708,54207813,회계/재무
2709,54206713,회계/재무
2710,54177370,회계/재무
2711,54204930,회계/재무
2712,54204665,회계/재무
2713,54202721,회계/재무
2714,54201345,회계/재무
2715,54200864,회계/재무
2716,54200161,회계/재무
2717,54199648,회계/재무
2718,54181120,회계/재무
2719,54173921,회계/재무
2720,54181100,회계/재무
2721,54194480,회계/재무
2722,54194374,회계/재무
2723,54193735,회계/재무
2724,54193508,회계/재무
2725,54193148,회계/재무
2726,54192980,회계/재무
2727,54191697,회계/재무
2728,54191441,회계/재무
2729,54188070,인사/노무
2730,54188062,회계/재무
2731,54187678,회계/재무
2732,54186832,회계/재무
2733,54181746,회계/재무
2734,54181732,회계/재무
2735,54181215,회계/재무
2736,54180892,회계/재무
2737,54180048,인사/노무
2738,54179752,회계/재무
2739,54175374,회계/재무
2740,54174972,회계/재무
2741,54174949,회계/재무
2742,54173632,회계/재무
2743,54173573,회계/재무
2744,54173081,회계/재무
2745,54172000,회계/재무
2746,54171602,회계/재무
2747,54160531,회계/재무
2748,54159225,회계/재무
2749,54157722,회계/재무
2750,54148673,회계/재무
2751,54145986,마케팅
2752,54137481,회계/재무
2753,54135255,회계/재무
2754,54041129,회계/재무
2755,54124122,회계/재무
2756,54109975,회계/재무
2757,53935763,회계/재무
2758,53922498,회계/재무
2759,54109034,회계/재무
2760,54049457,회계/재무
2761,54075490,회계/재무
2762,54075211,회계/재무
2763,54058352,회계/재무
2764,54060285,회계/재무
2765,54060012,회계/재무
2766,54056940,회계/재무
2767,54039917,회계/재무
2768,54027507,회계/재무
2769,54017438,회계/재무
2770,53997957,인사/노무
2771,53933973,회계/재무
2772,53929734,회계/재무
2773,53946726,회계/재무
2774,53946713,회계/재무
2775,53946690,회계/재무
2776,53853540,회계/재무
2777,53966382,회계/재무
2778,53931727,회계/재무
2779,53928439,회계/재무
2780,53920680,회계/재무
2781,53916185,회계/재무
2782,53897762,회계/재무
2783,54307188,회계/재무
2784,54434598,마케팅
2785,54429636,기획/전략
2786,54452898,회계/재무
2787,54452757,회계/재무
2788,54452754,회계/재무
2789,54451948,회계/재무
2790,54451533,회계/재무
2791,54414894,회계/재무
2792,54451177,인사/노무
2793,54365098,회계/재무
2794,54440455,회계/재무
2795,54430394,회계/재무
2796,54448791,회계/재무
2797,54448179,기획/전략
2798,54408335,회계/재무
2799,54445480,회계/재무
2800,54380995,회계/재무
2801,54445100,회계/재무
2802,54392302,회계/재무
2803,54241901,회계/재무
2804,54443885,회계/재무
2805,54230826,인사/노무
2806,54443103,회계/재무
2807,54203584,회계/재무
2808,54415064,회계/재무
2809,54441973,회계/재무
2810,54331516,회계/재무
2811,54441663,회계/재무
2812,54353864,회계/재무
2813,54438180,회계/재무
2814,54433763,인사/노무
2815,54431966,개발
2816,54431343,인사/노무
2817,54429962,회계/재무
2818,54429674,인사/노무
2819,54429120,회계/재무
2820,54272834,인사/노무
2821,54383859,기획/전략
2822,54192402,기획/전략
2823,54324225,회계/재무
2824,54403700,인사/노무
2825,54426246,회계/재무
2826,54380282,회계/재무
2827,54420461,회계/재무
2828,54419531,회계/재무
2829,54415919,인사/노무
2830,54282381,회계/재무
2831,54415803,회계/재무
2832,54283062,회계/재무
2833,54365858,회계/재무
2834,54409906,회계/재무
2835,54390150,인사/노무
2836,54407909,회계/재무
2837,54407641,기획/전략
2838,54346756,회계/재무
2839,54406836,회계/재무
2840,54406395,회계/재무
2841,54405531,회계/재무
2842,54403856,회계/재무
2843,54403411,회계/재무
2844,54403059,인사/노무
2845,54403045,회계/재무
2846,54204041,인사/노무
2847,54396615,마케팅
2848,54393672,인사/노무
2849,54337564,회계/재무
2850,54392079,마케팅
2851,54283931,회계/재무
2852,54364814,인사/노무
2853,54295978,회계/재무
2854,54384776,인사/노무
2855,54384592,인사/노무
2856,54190238,회계/재무
2857,54381941,회계/재무
2858,54380268,회계/재무
2859,54365467,기획/전략
2860,54378451,회계/재무
2861,54377464,회계/재무
2862,54216431,회계/재무
2863,54374126,회계/재무
2864,54374121,회계/재무
2865,54373642,회계/재무
2866,54372010,회계/재무
2867,54353732,회계/재무
2868,54353719,회계/재무
2869,54363764,회계/재무
2870,54363707,회계/재무
2871,54345324,인사/노무
2872,54246202,기획/전략
2873,54176542,회계/재무
2874,54324170,기획/전략
2875,54345641,회계/재무
2876,54339266,인사/노무
2877,54337256,회계/재무
2878,54332335,회계/재무
2879,54323615,인사/노무
2880,54323147,회계/재무
2881,54322016,회계/재무
2882,54321513,인사/노무
2883,54321433,인사/노무
2884,54314613,기획/전략
2885,54313114,회계/재무
2886,54311588,인사/노무
2887,54310934,인사/노무
2888,54310857,회계/재무
2889,54309898,회계/재무
2890,54309481,인사/노무
2891,54308700,회계/재무
2892,54308681,회계/재무
2893,54306816,회계/재무
2894,54306626,회계/재무
2895,54245015,인사/노무
2896,54260971,회계/재무
2897,54003920,회계/재무
2898,54295033,기획/전략
2899,54282224,회계/재무
2900,54282188,인사/노무
2901,54225514,회계/재무
2902,54182473,회계/재무
2903,54270128,회계/재무
2904,54266812,회계/재무
2905,54200642,인사/노무
2906,54259462,기획/전략
2907,54255163,회계/재무
2908,54247359,회계/재무
2909,54247353,회계/재무
2910,54245057,회계/재무
2911,54181569,개발
2912,54241607,회계/재무
2913,54184761,회계/재무
2914,54230603,회계/재무
2915,54206683,기획/전략
2916,54200844,개발
2917,54224018,회계/재무
2918,54219973,회계/재무
2919,54217933,개발
2920,54194473,회계/재무
2921,54193353,회계/재무
2922,54178743,회계/재무
2923,54154875,회계/재무
2924,54029744,회계/재무
2925,54385467,회계/재무
2926,54451333,회계/재무
2927,54450312,회계/재무
2928,54448519,회계/재무
2929,54448211,회계/재무
2930,54305657,회계/재무
2931,54442883,회계/재무
2932,53946443,인사/노무
2933,54421113,인사/노무
2934,54418968,회계/재무
2935,54403661,회계/재무
2936,54402819,회계/재무
2937,54337974,개발
2938,54394362,회계/재무
2939,54385686,회계/재무
2940,54385118,회계/재무
2941,54111910,회계/재무
2942,54374785,회계/재무
2943,54373985,회계/재무
2944,54373738,회계/재무
2945,54361134,회계/재무
2946,54359173,회계/재무
2947,54359142,인사/노무
2948,54359078,인사/노무
2949,54337882,회계/재무
2950,54353274,인사/노무
2951,54207145,회계/재무
2952,54327069,회계/재무
2953,54352121,회계/재무
2954,54348053,회계/재무
2955,54347485,인사/노무
2956,54322021,회계/재무
2957,54340057,회계/재무
2958,54105343,회계/재무
2959,54318923,회계/재무
2960,54311781,회계/재무
2961,53943948,회계/재무
2962,54333985,인사/노무
2963,54327226,회계/재무
2964,54327210,회계/재무
2965,54323070,회계/재무
2966,54320532,회계/재무
2967,54073735,회계/재무
2968,54318606,회계/재무
2969,54315478,회계/재무
2970,54087716,회계/재무
2971,54311288,회계/재무
2972,54283712,회계/재무
2973,54257286,개발
2974,54300643,회계/재무
2975,54294865,회계/재무
2976,54291667,인사/노무
2977,54178513,인사/노무
2978,54289190,회계/재무
2979,54283476,회계/재무
2980,53934232,회계/재무
2981,54282905,인사/노무
2982,54278987,회계/재무
2983,54278609,인사/노무
2984,54201883,회계/재무
2985,54271627,인사/노무
2986,54271626,회계/재무
2987,54269796,회계/재무
2988,54267969,회계/재무
2989,54245304,회계/재무
2990,54261072,인사/노무
2991,54260298,회계/재무
2992,54255268,회계/재무
2993,54253024,회계/재무
2994,54273062,마케팅
2995,54350423,마케팅
2996,54350355,마케팅
2997,54378720,마케팅
2998,54431731,기획/전략
2999,53710591,마케팅
3000,54321952,마케팅
3001,54440328,마케팅
3002,54449986,마케팅
3003,54393079,마케팅
3004,54259403,기획/전략
3005,54402356,마케팅
3006,54317587,마케팅
3007,54303652,마케팅
3008,54395512,마케팅
3009,54370527,마케팅
3010,54370529,마케팅
3011,54426834,마케팅
3012,54439417,마케팅
3013,54426679,마케팅
3014,54426651,마케팅
3015,54350448,마케팅
3016,54350609,마케팅
3017,54350401,마케팅
3018,54421893,마케팅
3019,54223915,마케팅
3020,54433127,마케팅
3021,54410144,마케팅
3022,54443255,마케팅
3023,54442255,마케팅
3024,53148921,마케팅
3025,54340052,마케팅
3026,54353652,마케팅
3027,54418615,마케팅
3028,54431570,마케팅
3029,54434532,마케팅
3030,54433260,마케팅
3031,54363265,마케팅
3032,54206480,마케팅
3033,54417081,마케팅
3034,54357915,마케팅
3035,54406443,마케팅
3036,54333904,마케팅
3037,54406327,마케팅
3038,54344994,마케팅
3039,54389164,마케팅
3040,54344997,마케팅
3041,54357937,마케팅
3042,54175882,마케팅
3043,54449018,마케팅
3044,54450939,인사/노무
3045,54448881,기획/전략
3046,54448638,마케팅
3047,54451793,마케팅
3048,54451114,마케팅
3049,54444316,마케팅
3050,54451067,인사/노무
3051,54442606,마케팅
3052,54445745,마케팅
3053,54416917,마케팅
3054,54445757,마케팅
3055,54444347,마케팅
3056,54446174,마케팅
3057,54446028,마케팅
3058,54442597,마케팅
3059,54323170,마케팅
3060,54446122,기획/전략
3061,54339513,마케팅
3062,54353261,마케팅
3063,54417878,마케팅
3064,54421150,마케팅
3065,54380380,마케팅
3066,54380412,마케팅
3067,54360974,마케팅
3068,54417869,마케팅
3069,54380461,마케팅
3070,54409158,기획/전략
3071,54381816,마케팅
3072,54433876,마케팅
3073,54360838,마케팅
3074,54391045,마케팅
3075,54380344,마케팅
3076,54407819,마케팅
3077,54389834,마케팅
3078,54410482,기획/전략
3079,54360501,기획/전략
3080,54366515,마케팅
3081,54366530,마케팅
3082,54453270,마케팅
3083,54453058,마케팅
3084,54453056,마케팅
3085,54452826,마케팅
3086,54452791,마케팅
3087,54452779,마케팅
3088,54452497,마케팅
3089,54452488,마케팅
3090,54452262,마케팅
3091,54452152,마케팅
3092,54381814,마케팅
3093,54214804,마케팅
3094,54279614,마케팅
3095,54452046,마케팅
3096,54452029,마케팅
3097,54452011,마케팅
3098,54451839,마케팅
3099,54451815,마케팅
3100,54451801,마케팅
3101,54451792,마케팅
3102,54404668,마케팅
3103,54451755,마케팅
3104,54451754,마케팅
3105,54451743,마케팅
3106,54451740,마케팅
3107,54451704,인사/노무
3108,54451700,마케팅
3109,54451584,마케팅
3110,54451487,마케팅
3111,54254715,마케팅
3112,54451383,마케팅
3113,54451370,인사/노무
3114,54451301,마케팅
3115,54372065,마케팅
3116,54451029,마케팅
3117,54451002,마케팅
3118,54450985,마케팅
3119,54450889,마케팅
3120,54450794,마케팅
3121,54450756,마케팅
3122,54410617,마케팅
3123,54147079,기획/전략
3124,54435004,마케팅
3125,54381842,마케팅
3126,54338623,마케팅
3127,54450137,마케팅
3128,54450124,마케팅
3129,54179112,마케팅
3130,54450018,마케팅
3131,54450017,마케팅
3132,53904355,마케팅
3133,54449908,마케팅
3134,54449895,마케팅
3135,54449786,마케팅
3136,54025768,마케팅
3137,54449693,마케팅
3138,54449618,마케팅
3139,54449610,마케팅
3140,54449530,마케팅
3141,54449447,마케팅
3142,54449385,마케팅
3143,54449283,마케팅
3144,54057651,마케팅
3145,54215306,마케팅
3146,54175514,마케팅
3147,54320823,마케팅
3148,54320793,마케팅
3149,54448532,기획/전략
3150,54159528,마케팅
3151,54447831,마케팅
3152,54447798,마케팅
3153,54447777,마케팅
3154,54447773,마케팅
3155,54311116,마케팅
3156,54242524,인사/노무
3157,54256916,마케팅
3158,54447403,마케팅
3159,54447208,마케팅
3160,54422540,마케팅
3161,54376716,마케팅
3162,54447185,마케팅
3163,54447177,마케팅
3164,54447169,마케팅
3165,54447159,마케팅
3166,54434438,마케팅
3167,54447039,마케팅
3168,54446943,마케팅
3169,54191390,마케팅
3170,54446823,마케팅
3171,54011837,마케팅
3172,54278731,마케팅
3173,54145325,마케팅
3174,54371131,마케팅
3175,54371128,마케팅
3176,54446745,마케팅
3177,54371168,개발
3178,54430091,마케팅
3179,54446681,마케팅
3180,54371107,기획/전략
3181,54371092,마케팅
3182,54446666,마케팅
3183,54371115,마케팅
3184,54371118,기획/전략
3185,54371096,마케팅
3186,54371083,마케팅
3187,54428774,기획/전략
3188,54428785,마케팅
3189,54428810,기획/전략
3190,54428820,마케팅
3191,54428855,마케팅
3192,54446371,마케팅
3193,54440700,마케팅
3194,54417737,개발
3195,54446208,마케팅
3196,54445972,마케팅
3197,54445609,마케팅
3198,54445601,마케팅
3199,54433459,마케팅
3200,54259486,마케팅
3201,54259477,마케팅
3202,54445336,마케팅
3203,54445321,마케팅
3204,54445315,마케팅
3205,54445273,마케팅
3206,54433313,마케팅
3207,54445143,마케팅
3208,54445028,마케팅
3209,54321332,기획/전략
3210,54321970,마케팅
3211,54444640,인사/노무
3212,54432983,마케팅
3213,54135279,마케팅
3214,54444399,기획/전략
3215,54433974,마케팅
3216,54444312,마케팅
3217,54291668,마케팅
3218,54059650,마케팅
3219,54444229,마케팅
3220,54291661,마케팅
3221,54027975,마케팅
3222,54444212,인사/노무
3223,54040833,마케팅
3224,54444141,마케팅
3225,54323938,마케팅
3226,54160014,마케팅
3227,54314345,마케팅
3228,54443582,마케팅
3229,54440788,인사/노무
3230,54389841,인사/노무
3231,54442645,마케팅
3232,54442594,마케팅
3233,54116958,마케팅
3234,54426945,마케팅
3235,54442297,마케팅
3236,54442089,마케팅
3237,54442087,마케팅
3238,54417413,마케팅
3239,54434358,마케팅
3240,54434645,마케팅
3241,54421345,기획/전략
3242,54360089,마케팅
3243,54439220,마케팅
3244,54241082,마케팅
3245,54441504,마케팅
3246,54441503,마케팅
3247,54441390,마케팅
3248,54441376,마케팅
3249,54441346,마케팅
3250,54410267,마케팅
3251,54441290,마케팅
3252,54441288,기획/전략
3253,54441250,마케팅
3254,54441180,기획/전략
3255,54385349,마케팅
3256,54441104,마케팅
3257,54441080,마케팅
3258,54397564,마케팅
3259,54439338,마케팅
3260,54215135,마케팅
3261,54421428,개발
3262,54397596,마케팅
3263,54440762,마케팅
3264,54440747,마케팅
3265,54440724,마케팅
3266,54440723,마케팅
3267,54440664,개발
3268,54440565,마케팅
3269,54440563,마케팅
3270,54440561,마케팅
3271,54440550,마케팅
3272,54440541,마케팅
3273,54440401,마케팅
3274,54440341,개발
3275,54432591,마케팅
3276,54422454,마케팅
3277,54428369,마케팅
3278,54430449,마케팅
3279,54430482,마케팅
3280,54431767,마케팅
3281,54427502,기획/전략
3282,54426943,마케팅
3283,54428361,마케팅
3284,54422507,마케팅
3285,54426814,마케팅
3286,54432869,기획/전략
3287,54439408,마케팅
3288,54421892,마케팅
3289,54421857,마케팅
3290,54416221,마케팅
3291,54421919,마케팅
3292,54417548,마케팅
3293,54403888,마케팅
3294,54349039,마케팅
3295,54440308,마케팅
3296,54349935,마케팅
3297,54360134,마케팅
3298,54429172,마케팅
3299,54334965,마케팅
3300,54312835,마케팅
3301,54312829,기획/전략
3302,54312811,마케팅
3303,54353877,기획/전략
3304,54439602,마케팅
3305,54393156,마케팅
3306,54393174,마케팅
3307,54416246,마케팅
3308,54416253,마케팅
3309,54439481,마케팅
3310,54408858,마케팅
3311,54421064,마케팅
3312,54417276,마케팅
3313,54438920,마케팅
3314,54438896,마케팅
3315,54438778,마케팅
3316,54438777,마케팅
3317,54438775,개발
3318,54438773,마케팅
3319,54438765,마케팅
3320,54438759,마케팅
3321,54438433,마케팅
3322,54438417,마케팅
3323,54438415,마케팅
3324,54438295,마케팅
3325,54438293,마케팅
3326,54438275,마케팅
3327,54438237,마케팅
3328,54438018,마케팅
3329,54437981,마케팅
3330,54437978,마케팅
3331,54437977,마케팅
3332,54437976,마케팅
3333,54437966,마케팅
3334,54437943,마케팅
3335,54437942,마케팅
3336,54437914,마케팅
3337,54437913,마케팅
3338,54437856,마케팅
3339,54419475,마케팅
3340,54420436,마케팅
3341,54421826,마케팅
3342,54418595,마케팅
3343,54314308,마케팅
3344,54417790,마케팅
3345,54416627,마케팅
3346,54417965,마케팅
3347,54410562,마케팅
3348,54410006,마케팅
3349,54312030,마케팅
3350,54415385,마케팅
3351,54410021,마케팅
3352,54436379,마케팅
3353,54435077,마케팅
3354,54410705,인사/노무
3355,54398617,마케팅
3356,54434844,마케팅
3357,54434826,마케팅
3358,54409279,마케팅
3359,54397163,마케팅
3360,54434671,기획/전략
3361,54434653,마케팅
3362,54434603,마케팅
3363,54434589,마케팅
3364,54434569,마케팅
3365,54434503,마케팅
3366,54434019,마케팅
3367,54393256,마케팅
3368,54307741,마케팅
3369,54240276,마케팅
3370,54347889,마케팅
3371,54433289,마케팅
3372,54433212,마케팅
3373,54433173,마케팅
3374,54433078,마케팅
3375,54432982,기획/전략
3376,54432979,마케팅
3377,54432587,마케팅
3378,54432443,마케팅
3379,54432412,개발
3380,54432258,기획/전략
3381,54432119,마케팅
3382,54432058,마케팅
3383,54170181,마케팅
3384,54410675,마케팅
3385,54392795,마케팅
3386,54431562,마케팅
3387,54422517,마케팅
3388,54310736,마케팅
3389,54310807,마케팅
3390,54310487,마케팅
3391,54431357,마케팅
3392,54431315,마케팅
3393,54119323,마케팅
3394,54119352,마케팅
3395,54431204,마케팅
3396,54431193,마케팅
3397,54431187,마케팅
3398,54431176,마케팅
3399,54431167,마케팅
3400,54431117,마케팅
3401,54431100,마케팅
3402,54104677,마케팅
3403,54430905,기획/전략
3404,54430901,마케팅
3405,54430812,인사/노무
3406,54430760,기획/전략
3407,54430613,마케팅
3408,54430585,마케팅
3409,54295781,마케팅
3410,54381106,마케팅
3411,54281816,개발
3412,54430307,마케팅
3413,54430264,마케팅
3414,54254045,마케팅
3415,54430229,마케팅
3416,54395147,마케팅
3417,54430184,마케팅
3418,54111371,마케팅
3419,54430121,마케팅
3420,54430028,마케팅
3421,54380160,마케팅
3422,54352436,마케팅
3423,54429862,마케팅
3424,54429776,마케팅
3425,54429656,마케팅
3426,54429639,마케팅
3427,54429590,마케팅
3428,54429582,마케팅
3429,54429548,마케팅
3430,54429520,기획/전략
3431,54323350,마케팅
3432,54429481,마케팅
3433,54429416,마케팅
3434,54429254,마케팅
3435,54413747,마케팅
3436,54429138,마케팅
3437,54428883,마케팅
3438,54428498,인사/노무
3439,54428419,마케팅
3440,54292769,마케팅
3441,54308880,마케팅
3442,54428181,마케팅
3443,54336256,마케팅
3444,54427873,마케팅
3445,54427734,마케팅
3446,54427668,마케팅
3447,54427642,마케팅
3448,54427559,마케팅
3449,54427342,인사/노무
3450,54353416,마케팅
3451,54377204,마케팅
3452,54426941,마케팅
3453,54426625,마케팅
3454,54426304,마케팅
3455,54426249,마케팅
3456,54426221,마케팅
3457,54374228,마케팅
3458,54404424,마케팅
3459,54407998,마케팅
3460,54404322,마케팅
3461,54406385,마케팅
3462,54396996,마케팅
3463,54379038,마케팅
3464,54396974,마케팅
3465,54389373,마케팅
3466,54397074,마케팅
3467,54389369,마케팅
3468,54397069,마케팅
3469,54390546,마케팅
3470,54423757,마케팅
3471,54422970,마케팅
3472,54422759,마케팅
3473,54422701,마케팅
3474,54422631,마케팅
3475,54422612,마케팅
3476,54422344,마케팅
3477,54422312,마케팅
3478,54422202,마케팅
3479,54422160,마케팅
3480,54422153,마케팅
3481,54422047,마케팅
3482,54422002,마케팅
3483,54147294,마케팅
3484,54421942,개발
3485,54421797,마케팅
3486,54421736,마케팅
3487,54421677,마케팅
3488,54421609,마케팅
3489,54421575,마케팅
3490,54421573,마케팅
3491,54385414,마케팅
3492,54421474,마케팅
3493,54421227,마케팅
3494,54421177,마케팅
3495,54421132,마케팅
3496,54420973,마케팅
3497,53890639,기획/전략
3498,54420417,마케팅
3499,54420279,마케팅
3500,54379294,마케팅
3501,54420097,마케팅
3502,54110097,마케팅
3503,54420009,마케팅
3504,54322077,마케팅
3505,54419917,마케팅
3506,54419693,마케팅
3507,54112696,마케팅
3508,54419631,마케팅
3509,54419583,인사/노무
3510,54419547,인사/노무
3511,54055651,마케팅
3512,54340882,기획/전략
3513,54419273,마케팅
3514,54379585,마케팅
3515,54173673,마케팅
3516,54418997,기획/전략
3517,54002410,마케팅
3518,54418661,마케팅
3519,54418658,마케팅
3520,54418650,마케팅
3521,54371876,마케팅
3522,54371872,마케팅
3523,54404500,마케팅
3524,54418401,마케팅
3525,54418100,마케팅
3526,54418097,인사/노무
3527,54050929,마케팅
3528,54417995,마케팅
3529,54417796,마케팅
3530,54417719,마케팅
3531,54417573,마케팅
3532,54417451,인사/노무
3533,54417383,마케팅
3534,54417283,마케팅
3535,54377262,마케팅
3536,54417200,마케팅
3537,54417123,마케팅
3538,54417106,마케팅
3539,53932739,마케팅
3540,54416990,마케팅
3541,54385555,마케팅
3542,54271214,마케팅
3543,54226854,마케팅
3544,54416863,마케팅
3545,54416846,마케팅
3546,54416794,마케팅
3547,54416735,마케팅
3548,54103911,마케팅
3549,54416600,마케팅
3550,54416581,마케팅
3551,54416451,마케팅
3552,54416370,마케팅
3553,54103650,마케팅
3554,54416244,마케팅
3555,54416066,마케팅
3556,54415951,마케팅
3557,54174556,마케팅
3558,54415785,마케팅
3559,54415738,기획/전략
3560,54415473,마케팅
3561,54130855,마케팅
3562,54078967,마케팅
3563,53945728,기획/전략
3564,54079001,마케팅
3565,54337518,기획/전략
3566,54414649,마케팅
3567,54414542,마케팅
3568,54414501,기획/전략
3569,54395234,기획/전략
3570,54391928,마케팅
3571,54393955,마케팅
3572,53149013,마케팅
3573,54377408,마케팅
3574,54347620,마케팅
3575,54411081,개발
3576,54411041,마케팅
3577,54411034,마케팅
3578,54410970,마케팅
3579,54348640,마케팅
3580,54372230,마케팅
3581,54410509,마케팅
3582,54307530,기획/전략
3583,54410360,마케팅
3584,54410326,마케팅
3585,54410215,마케팅
3586,54410114,마케팅
3587,54410110,마케팅
3588,54409845,마케팅
3589,54409737,마케팅
3590,54409678,마케팅
3591,54192923,마케팅
3592,54390160,마케팅
3593,54325683,마케팅
3594,54409062,개발
3595,54312296,마케팅
3596,54408945,마케팅
3597,54408702,마케팅
3598,54230216,기획/전략
3599,54408633,마케팅
3600,54177071,마케팅
3601,54408327,마케팅
3602,54408287,마케팅
3603,54408170,마케팅
3604,54408153,마케팅
3605,54398480,마케팅
3606,54407760,마케팅
3607,54407626,마케팅
3608,54407562,마케팅
3609,54407477,기획/전략
3610,54407175,마케팅
3611,54407134,마케팅
3612,54407036,마케팅
3613,54407018,마케팅
3614,54393581,마케팅
3615,54384322,마케팅
3616,54406833,마케팅
3617,54406767,마케팅
3618,54406757,기획/전략
3619,54406662,기획/전략
3620,54086060,기획/전략
3621,54406513,마케팅
3622,54406432,마케팅
3623,54350013,마케팅
3624,54406055,마케팅
3625,54405889,기획/전략
3626,54405838,기획/전략
3627,54405780,마케팅
3628,54405727,마케팅
3629,54405650,마케팅
3630,54405590,마케팅
3631,54360663,마케팅
3632,54405540,마케팅
3633,54405258,마케팅
3634,54405016,마케팅
3635,54388614,마케팅
3636,54404689,마케팅
3637,54404648,마케팅
3638,54404646,마케팅
3639,54288556,마케팅
3640,54332061,마케팅
3641,54403754,마케팅
3642,54403665,마케팅
3643,54319114,개발
3644,54403318,마케팅
3645,54403131,인사/노무
3646,54403050,마케팅
3647,54403020,마케팅
3648,54397306,마케팅
3649,54402870,마케팅
3650,54402692,마케팅
3651,54377039,마케팅
3652,54377384,기획/전략
3653,54377398,기획/전략
3654,53516591,기획/전략
3655,54320843,마케팅
3656,54383224,마케팅
3657,54398352,마케팅
3658,54365960,마케팅
3659,54398094,마케팅
3660,54397990,마케팅
3661,54397917,마케팅
3662,54397908,마케팅
3663,54397872,마케팅
3664,54397686,마케팅
3665,54397594,마케팅
3666,54397498,마케팅
3667,54397369,마케팅
3668,54397266,마케팅
3669,54397235,마케팅
3670,54397165,마케팅
3671,54397161,마케팅
3672,54397082,마케팅
3673,54396877,마케팅
3674,54396788,마케팅
3675,54396559,마케팅
3676,54396546,마케팅
3677,54396407,마케팅
3678,54396378,마케팅
3679,54283022,마케팅
3680,54378007,마케팅
3681,54396142,마케팅
3682,54396100,마케팅
3683,54396071,마케팅
3684,54395716,마케팅
3685,54395590,마케팅
3686,54395585,마케팅
3687,54059395,마케팅
3688,54395124,마케팅
3689,54394993,마케팅
3690,54394969,마케팅
3691,54365752,마케팅
3692,54394692,마케팅
3693,54394554,마케팅
3694,54394492,마케팅
3695,54394482,마케팅
3696,54394252,마케팅
3697,54394090,마케팅
3698,54393970,마케팅
3699,54296309,마케팅
3700,54326197,마케팅
3701,54393743,마케팅
3702,54393728,마케팅
3703,54393705,마케팅
3704,54393642,마케팅
3705,54393510,마케팅
3706,54383422,마케팅
3707,54092673,마케팅
3708,54393180,인사/노무
3709,54393170,마케팅
3710,54393115,마케팅
3711,54393101,마케팅
3712,54393042,마케팅
3713,54393034,마케팅
3714,54393025,마케팅
3715,54374234,마케팅
3716,54392978,마케팅
3717,54392828,마케팅
3718,54392798,마케팅
3719,54392755,마케팅
3720,54217412,마케팅
3721,54392378,마케팅
3722,54392224,마케팅
3723,54392143,마케팅
3724,54392133,마케팅
3725,54337292,마케팅
3726,54392068,마케팅
3727,54321131,마케팅
3728,54391781,마케팅
3729,54391565,마케팅
3730,54391341,마케팅
3731,54391128,기획/전략
3732,54391035,마케팅
3733,54380963,마케팅
3734,54331990,마케팅
3735,54378804,마케팅
3736,54389968,마케팅
3737,54389812,마케팅
3738,53642662,마케팅
3739,53843244,기획/전략
3740,52765921,마케팅
3741,54389104,마케팅
3742,54389077,마케팅
3743,54388696,마케팅
3744,54359608,마케팅
3745,54365961,마케팅
3746,54365777,마케팅
3747,54359438,마케팅
3748,54359427,마케팅
3749,54358428,마케팅
3750,54365915,마케팅
3751,54353187,마케팅
3752,54364505,마케팅
3753,54387318,마케팅
3754,54309582,마케팅
3755,54169935,마케팅
3756,54385477,마케팅
3757,54385461,마케팅
3758,54385436,마케팅
3759,54385366,마케팅
3760,54385291,마케팅
3761,54385184,마케팅
3762,54384998,마케팅
3763,54384752,개발
3764,54384517,마케팅
3765,54384512,마케팅
3766,54384504,마케팅
3767,54384498,마케팅
3768,54338488,마케팅
3769,54384412,마케팅
3770,54040242,마케팅
3771,54384361,마케팅
3772,54366067,마케팅
3773,54384276,마케팅
3774,54384220,마케팅
3775,54279821,마케팅
3776,54383992,마케팅
3777,53899596,마케팅
3778,54383527,마케팅
3779,54289112,마케팅
3780,54383200,마케팅
3781,54383168,마케팅
3782,54383089,마케팅
3783,54383085,개발
3784,54382999,마케팅
3785,54382918,마케팅
3786,54382857,마케팅
3787,54382775,마케팅
3788,54382752,마케팅
3789,54382563,마케팅
3790,54382552,마케팅
3791,54382522,기획/전략
3792,54382380,개발
3793,54382300,마케팅
3794,54382209,마케팅
3795,54338825,마케팅
3796,54382094,기획/전략
3797,54381997,마케팅
3798,54245440,마케팅
3799,54381851,마케팅
3800,54216169,마케팅
3801,54381651,마케팅
3802,54188205,마케팅
3803,54188421,마케팅
3804,54381353,마케팅
3805,54381312,마케팅
3806,54381192,마케팅
3807,54381167,마케팅
3808,54125405,마케팅
3809,54125510,마케팅
3810,54380916,마케팅
3811,54380912,마케팅
3812,54380834,마케팅
3813,54380753,마케팅
3814,54380744,마케팅
3815,54090521,마케팅
3816,54338487,마케팅
3817,54380469,마케팅
3818,54380448,마케팅
3819,54363984,마케팅
3820,54071692,마케팅
3821,54352834,마케팅
3822,54373679,마케팅
3823,54379531,마케팅
3824,54336844,마케팅
3825,54379023,마케팅
3826,54359325,마케팅
3827,54378845,마케팅
3828,54378829,마케팅
3829,54378781,마케팅
3830,54378742,마케팅
3831,54378390,기획/전략
3832,54378379,기획/전략
3833,54378373,마케팅
3834,54378363,마케팅
3835,54378132,마케팅
3836,54377969,마케팅
3837,54377958,인사/노무
3838,54377903,마케팅
3839,54377672,마케팅
3840,54377609,마케팅
3841,54377582,마케팅
3842,54376795,마케팅
3843,54376779,마케팅
3844,54376545,마케팅
3845,54376456,마케팅
3846,54311276,개발
3847,54349239,마케팅
3848,54376348,마케팅
3849,54376020,마케팅
3850,54375957,마케팅
3851,54375866,마케팅
3852,54079268,마케팅
3853,54374622,마케팅
3854,54374587,마케팅
3855,54345172,개발
3856,54142115,마케팅
3857,54142087,마케팅
3858,54374284,마케팅
3859,54374255,마케팅
3860,54309783,마케팅
3861,54359499,마케팅
3862,54365100,마케팅
3863,54360373,마케팅
3864,54359522,마케팅
3865,54374131,마케팅
3866,54374106,마케팅
3867,54325377,마케팅
3868,54373942,마케팅
3869,54373717,마케팅
3870,54373671,마케팅
3871,54373626,마케팅
3872,54373596,마케팅
3873,54350169,마케팅
3874,54373515,마케팅
3875,54373410,마케팅
3876,54373249,마케팅
3877,54365473,마케팅
3878,54361926,마케팅
3879,54363597,마케팅
3880,54361797,마케팅
3881,54361916,마케팅
3882,54361946,마케팅
3883,54361788,마케팅
3884,54361941,마케팅
3885,54358416,마케팅
3886,54345763,마케팅
3887,54346068,마케팅
3888,54346042,마케팅
3889,54266187,마케팅
3890,54360199,마케팅
3891,54371348,마케팅
3892,54371325,마케팅
3893,54370861,마케팅
3894,54348186,마케팅
3895,54350960,마케팅
3896,54350774,인사/노무
3897,54352180,마케팅
3898,54336570,마케팅
3899,54338465,기획/전략
3900,54320321,마케팅
3901,54366942,마케팅
3902,54366778,마케팅
3903,54366690,마케팅
3904,54366281,마케팅
3905,54366227,마케팅
3906,54365978,마케팅
3907,54365805,마케팅
3908,54365783,마케팅
3909,54365094,마케팅
3910,54365005,기획/전략
3911,54309708,마케팅
3912,54364888,마케팅
3913,54364851,인사/노무
3914,54364738,마케팅
3915,54364691,마케팅
3916,54364680,인사/노무
3917,54364629,마케팅
3918,54306548,마케팅
3919,54364373,마케팅
3920,54364367,마케팅
3921,54364356,마케팅
3922,54364326,마케팅
3923,54364197,마케팅
3924,54364184,마케팅
3925,54364164,마케팅
3926,54364050,마케팅
3927,54258762,마케팅
3928,54363945,마케팅
3929,54363698,마케팅
3930,54363472,마케팅
3931,54324375,마케팅
3932,53957667,마케팅
3933,54363210,마케팅
3934,54363131,마케팅
3935,54363089,마케팅
3936,54362584,마케팅
3937,54362147,기획/전략
3938,54362063,마케팅
3939,54361829,마케팅
3940,54245897,마케팅
3941,54361484,마케팅
3942,54324535,마케팅
3943,54361128,마케팅
3944,54360872,기획/전략
3945,54360846,기획/전략
3946,54360825,마케팅
3947,54349288,마케팅
3948,54360739,마케팅
3949,54360366,마케팅
3950,53995506,마케팅
3951,53934777,마케팅
3952,54359837,개발
3953,54359801,마케팅
3954,54271572,마케팅
3955,54359332,마케팅
3956,54359017,마케팅
3957,54060903,마케팅
3958,54333090,마케팅
3959,54358530,마케팅
3960,54358218,마케팅
3961,53215099,마케팅
3962,54224075,마케팅
3963,54223761,마케팅
3964,54357896,마케팅
3965,54357851,마케팅
3966,54357848,마케팅
3967,54357793,마케팅
3968,54337468,마케팅
3969,54339922,마케팅
3970,54337456,마케팅
3971,54333116,마케팅
3972,54337237,기획/전략
3973,54322213,마케팅
3974,54313813,기획/전략
3975,54322190,기획/전략
3976,54322184,기획/전략
3977,54324265,마케팅
3978,54314288,마케팅
3979,54322096,마케팅
3980,54314385,마케팅
3981,54314432,마케팅
3982,54322091,기획/전략
3983,54324210,마케팅
3984,54268047,마케팅
3985,54324228,마케팅
3986,54319926,마케팅
3987,54355330,마케팅
3988,54353721,마케팅
3989,54353597,마케팅
3990,54353293,인사/노무
3991,54309632,마케팅
3992,54353111,마케팅
3993,54143344,마케팅
3994,54463785,기획/전략
3995,54444387,기획/전략
3996,54420501,기획/전략
3997,54351693,기획/전략
3998,54172651,인사/노무
3999,54172670,인사/노무
4000,54461400,기획/전략
4001,54429382,인사/노무
4002,54449684,기획/전략
4003,54450627,기획/전략
4004,54460564,마케팅
4005,54458220,인사/노무
4006,54458214,기획/전략
4007,54460295,기획/전략
4008,54450190,개발
4009,54449083,기획/전략
4010,54445723,기획/전략
4011,54460232,인사/노무
4012,54382268,인사/노무
4013,54459695,회계/재무
4014,54340175,인사/노무
4015,54438846,개발
4016,54456479,기획/전략
4017,54456474,기획/전략
4018,54452636,인사/노무
4019,54447297,기획/전략
4020,54092122,기획/전략
4021,54446325,회계/재무
4022,54446311,회계/재무
4023,54446290,기획/전략
4024,54445246,인사/노무
4025,54427256,인사/노무
4026,53172072,기획/전략
4027,54441524,기획/전략
4028,54441495,기획/전략
4029,54441231,기획/전략
4030,54440984,마케팅
4031,54440769,기획/전략
4032,54284261,기획/전략
4033,54438760,인사/노무
4034,54426033,기획/전략
4035,54415632,기획/전략
4036,54435547,기획/전략
4037,54433995,기획/전략
4038,54432935,인사/노무
4039,54366614,기획/전략
4040,54432154,기획/전략
4041,54431247,기획/전략
4042,54429043,기획/전략
4043,54428429,기획/전략
4044,54426897,기획/전략
4045,54422933,인사/노무
4046,54421616,개발
4047,54420771,마케팅
4048,54420277,인사/노무
4049,54417884,회계/재무
4050,54108161,기획/전략
4051,54415460,인사/노무
4052,54313588,인사/노무
4053,54414522,개발
4054,54414519,기획/전략
4055,54390875,인사/노무
4056,54393622,기획/전략
4057,54384642,인사/노무
4058,54413954,회계/재무
4059,54409907,인사/노무
4060,54347022,회계/재무
4061,54407722,기획/전략
4062,54405570,기획/전략
4063,54404640,마케팅
4064,54390928,인사/노무
4065,54359716,기획/전략
4066,54295407,인사/노무
4067,54325283,인사/노무
4068,54396092,인사/노무
4069,54394575,인사/노무
4070,54391975,기획/전략
4071,54385648,개발
4072,54383326,기획/전략
4073,54382226,기획/전략
4074,54379562,마케팅
4075,54376262,기획/전략
4076,54350374,인사/노무
4077,54373222,개발
4078,54362051,기획/전략
4079,54319929,기획/전략
4080,54371534,기획/전략
4081,54351952,개발
4082,54267537,인사/노무
4083,54366252,기획/전략
4084,54366197,인사/노무
4085,54364754,기획/전략
4086,54363169,개발
4087,54362842,기획/전략
4088,54362059,기획/전략
4089,54361304,기획/전략
4090,54358743,인사/노무
4091,54357812,기획/전략
4092,54318653,회계/재무
4093,54320989,개발
4094,54309253,인사/노무
4095,54324427,기획/전략
4096,54309231,기획/전략
4097,54340499,인사/노무
4098,54349070,마케팅
4099,54326267,회계/재무
4100,54338187,기획/전략
4101,54336221,개발
4102,54334819,기획/전략
4103,54333688,기획/전략
4104,54054852,기획/전략
4105,54332661,인사/노무
4106,54332081,기획/전략
4107,54332067,기획/전략
4108,54313537,인사/노무
4109,54313297,기획/전략
4110,54326118,개발
4111,53998688,기획/전략
4112,54319026,기획/전략
4113,54314351,기획/전략
4114,54313000,기획/전략
4115,54312691,기획/전략
4116,54308257,기획/전략
4117,54011699,기획/전략
4118,54305402,기획/전략
4119,54270084,인사/노무
4120,54305086,기획/전략
4121,54303784,기획/전략
4122,54303778,개발
4123,54288931,기획/전략
4124,54292285,기획/전략
4125,54288698,인사/노무
4126,54283212,기획/전략
4127,54277285,기획/전략
4128,54277702,마케팅
4129,54295334,인사/노무
4130,54202537,인사/노무
4131,54289433,인사/노무
4132,54271434,기획/전략
4133,54282265,개발
4134,54267886,기획/전략
4135,54259543,기획/전략
4136,54273275,인사/노무
4137,53935227,개발
4138,54244827,기획/전략
4139,54244561,기획/전략
4140,54194100,마케팅
4141,54248701,기획/전략
4142,54245423,기획/전략
4143,54215421,마케팅
4144,54191987,기획/전략
4145,54185521,기획/전략
4146,54217978,인사/노무
4147,54213826,인사/노무
4148,54190720,기획/전략
4149,54181046,인사/노무
4150,54181058,인사/노무
4151,54173913,인사/노무
4152,54146754,인사/노무
4153,54146745,인사/노무
4154,54176006,인사/노무
4155,54174463,회계/재무
4156,54154388,기획/전략
4157,54104948,개발
4158,54106795,기획/전략
4159,54123429,기획/전략
4160,54070473,개발
4161,54045644,인사/노무
4162,54026261,인사/노무
4163,53990767,기획/전략
4164,54464972,기획/전략
4165,54464968,개발
4166,54464846,기획/전략
4167,54322857,인사/노무
4168,54464646,마케팅
4169,54395500,개발
4170,54174575,기획/전략
4171,54464334,개발
4172,54464174,기획/전략
4173,54340826,기획/전략
4174,54363336,기획/전략
4175,54371853,기획/전략
4176,54463714,기획/전략
4177,54321012,기획/전략
4178,54381174,기획/전략
4179,54321036,마케팅
4180,54463204,기획/전략
4181,54453195,마케팅
4182,54462908,기획/전략
4183,54462762,기획/전략
4184,54462757,기획/전략
4185,54462738,개발
4186,54462316,기획/전략
4187,54462244,기획/전략
4188,54462044,기획/전략
4189,54111065,개발
4190,54177890,인사/노무
4191,54461813,마케팅
4192,54461254,회계/재무
4193,54389873,기획/전략
4194,54461007,인사/노무
4195,54460968,인사/노무
4196,54416038,인사/노무
4197,54415498,인사/노무
4198,54080334,기획/전략
4199,54460614,마케팅
4200,54460575,기획/전략
4201,54460551,기획/전략
4202,54457968,개발
4203,54320300,인사/노무
4204,54460254,인사/노무
4205,54384961,기획/전략
4206,54460161,기획/전략
4207,54460024,기획/전략
4208,54459467,기획/전략
4209,54459384,인사/노무
4210,54319879,개발
4211,54443976,기획/전략
4212,54331230,인사/노무
4213,54458077,개발
4214,54373235,마케팅
4215,54357846,기획/전략
4216,54448776,인사/노무
4217,54457497,인사/노무
4218,54457339,기획/전략
4219,54453505,기획/전략
4220,54238744,인사/노무
4221,54358665,회계/재무
4222,54322721,마케팅
4223,54456705,개발
4224,54448024,개발
4225,54456372,기획/전략
4226,54455099,기획/전략
4227,54454172,인사/노무
4228,54454100,인사/노무
4229,54434257,기획/전략
4230,54385741,기획/전략
4231,54453065,기획/전략
4232,54366616,인사/노무
4233,54395916,기획/전략
4234,54452810,기획/전략
4235,54452617,개발
4236,54422443,인사/노무
4237,54452326,개발
4238,54450731,마케팅
4239,54450598,개발
4240,54450575,인사/노무
4241,54365379,기획/전략
4242,54449637,개발
4243,54449146,기획/전략
4244,54430831,인사/노무
4245,54448834,인사/노무
4246,54448670,인사/노무
4247,54448304,기획/전략
4248,54323229,기획/전략
4249,54402409,기획/전략
4250,54372181,개발
4251,54447096,회계/재무
4252,54446913,기획/전략
4253,54000157,인사/노무
4254,54446224,개발
4255,54446180,마케팅
4256,54446173,기획/전략
4257,54445577,기획/전략
4258,54074590,마케팅
4259,54443910,마케팅
4260,54443831,인사/노무
4261,54442018,기획/전략
4262,54441914,기획/전략
4263,54441823,인사/노무
4264,54441608,기획/전략
4265,54136879,기획/전략
4266,54441581,인사/노무
4267,54429002,기획/전략
4268,54441444,기획/전략
4269,54441343,기획/전략
4270,54441337,개발
4271,54441195,개발
4272,54440983,기획/전략
4273,54396667,기획/전략
4274,54440790,기획/전략
4275,54440685,기획/전략
4276,54440610,기획/전략
4277,54434072,기획/전략
4278,54428778,기획/전략
4279,54430459,기획/전략
4280,54420788,인사/노무
4281,54340573,기획/전략
4282,54439597,기획/전략
4283,54248239,회계/재무
4284,54438768,마케팅
4285,54438488,기획/전략
4286,54438186,기획/전략
4287,54438059,기획/전략
4288,54438028,인사/노무
4289,54437860,마케팅
4290,54437765,기획/전략
4291,54415765,기획/전략
4292,54419909,기획/전략
4293,54419876,인사/노무
4294,54435022,기획/전략
4295,54090278,개발
4296,54389789,기획/전략
4297,54433454,기획/전략
4298,54291227,마케팅
4299,54433067,기획/전략
4300,54349953,개발
4301,54349949,기획/전략
4302,54432914,기획/전략
4303,54354181,기획/전략
4304,54432752,기획/전략
4305,54390237,기획/전략
4306,54432585,기획/전략
4307,54432122,기획/전략
4308,54432047,개발
4309,54137073,개발
4310,54431202,인사/노무
4311,54431184,기획/전략
4312,54430212,기획/전략
4313,54430205,기획/전략
4314,54430009,개발
4315,54429925,기획/전략
4316,54057365,기획/전략
4317,54429496,기획/전략
4318,54429375,기획/전략
4319,54429135,기획/전략
4320,54429128,기획/전략
4321,54429126,기획/전략
4322,54429028,개발
4323,54228806,인사/노무
4324,54395066,기획/전략
4325,54428913,기획/전략
4326,54428248,기획/전략
4327,54422215,기획/전략
4328,54228901,기획/전략
4329,54271534,인사/노무
4330,54426308,기획/전략
4331,54373418,기획/전략
4332,54426202,기획/전략
4333,54426183,기획/전략
4334,54394358,인사/노무
4335,54422515,기획/전략
4336,54422275,기획/전략
4337,54421754,인사/노무
4338,54421258,기획/전략
4339,54421037,마케팅
4340,54421006,인사/노무
4341,54420613,기획/전략
4342,54420238,개발
4343,54420022,기획/전략
4344,54419127,인사/노무
4345,54203692,기획/전략
4346,54418839,기획/전략
4347,54417713,기획/전략
4348,54417690,인사/노무
4349,54417489,인사/노무
4350,54417280,기획/전략
4351,53965744,개발
4352,54402561,개발
4353,54416135,회계/재무
4354,54247391,마케팅
4355,54415162,인사/노무
4356,54414631,기획/전략
4357,54224435,기획/전략
4358,54414520,기획/전략
4359,54414512,회계/재무
4360,54410811,개발
4361,54410740,인사/노무
4362,54385138,기획/전략
4363,54410583,개발
4364,54409931,기획/전략
4365,54409724,기획/전략
4366,54409642,인사/노무
4367,54409627,기획/전략
4368,54373983,회계/재무
4369,54408676,개발
4370,54408090,인사/노무
4371,54407985,인사/노무
4372,54407860,회계/재무
4373,54407568,기획/전략
4374,54407293,기획/전략
4375,54406528,회계/재무
4376,54406427,기획/전략
4377,54406036,기획/전략
4378,54406026,기획/전략
4379,54406022,개발
4380,54406017,기획/전략
4381,54406003,기획/전략
4382,54405033,인사/노무
4383,54404872,기획/전략
4384,54191282,마케팅
4385,54404069,기획/전략
4386,54402539,기획/전략
4387,54402286,기획/전략
4388,54397879,기획/전략
4389,54397874,회계/재무
4390,54061084,인사/노무
4391,54397326,인사/노무
4392,54397295,기획/전략
4393,54397076,기획/전략
4394,54379968,인사/노무
4395,54396456,인사/노무
4396,54396381,기획/전략
4397,54395484,기획/전략
4398,54393292,기획/전략
4399,54393139,회계/재무
4400,54393056,마케팅
4401,54392241,인사/노무
4402,54383434,기획/전략
4403,54390901,개발
4404,54390097,인사/노무
4405,54389861,마케팅
4406,52791815,기획/전략
4407,54389364,기획/전략
4408,54389081,마케팅
4409,54353007,기획/전략
4410,54384913,인사/노무
4411,54384827,마케팅
4412,54138849,기획/전략
4413,54242592,기획/전략
4414,54191051,기획/전략
4415,54382292,인사/노무
4416,54382256,기획/전략
4417,54349349,마케팅
4418,54381276,기획/전략
4419,54381244,개발
4420,54349266,기획/전략
4421,54380867,기획/전략
4422,54380858,개발
4423,54380802,기획/전략
4424,54380722,기획/전략
4425,54380719,인사/노무
4426,54380540,기획/전략
4427,54379925,인사/노무
4428,54236851,기획/전략
4429,54288595,인사/노무
4430,54338318,기획/전략
4431,54377561,회계/재무
4432,54376728,기획/전략
4433,54375792,개발
4434,54375170,마케팅
4435,54375040,인사/노무
4436,54374789,기획/전략
4437,54374533,인사/노무
4438,54374516,기획/전략
4439,54374323,인사/노무
4440,54363709,기획/전략
4441,54363720,기획/전략
4442,54373795,기획/전략
4443,54373589,개발
4444,54373566,기획/전략
4445,54373540,인사/노무
4446,54373518,기획/전략
4447,54373421,기획/전략
4448,54373419,개발
4449,54373301,개발
4450,54270465,개발
4451,54371927,기획/전략
4452,54371045,기획/전략
4453,54370920,기획/전략
4454,54370790,개발
4455,54370526,기획/전략
4456,54340023,기획/전략
4457,54053643,기획/전략
4458,54366366,기획/전략
4459,54365604,인사/노무
4460,54364998,기획/전략
4461,54178734,기획/전략
4462,54364024,개발
4463,54363438,마케팅
4464,54363177,기획/전략
4465,54363108,기획/전략
4466,54362350,마케팅
4467,54362277,기획/전략
4468,54361936,기획/전략
4469,54352455,개발
4470,54346616,개발
4471,54360194,기획/전략
4472,54360032,개발
4473,54359674,마케팅
4474,54359233,인사/노무
4475,54358112,기획/전략
4476,54339836,기획/전략
4477,54326235,기획/전략
4478,54339876,기획/전략
4479,54339857,기획/전략
4480,54331793,기획/전략
4481,54336417,회계/재무
4482,54319135,개발
4483,54322205,마케팅
4484,54314342,기획/전략
4485,54353383,개발
4486,54352972,기획/전략
4487,54352500,인사/노무
4488,54352297,기획/전략
4489,54311315,개발
4490,54351523,마케팅
4491,54351487,개발
4492,54351390,기획/전략
4493,54350908,기획/전략
4494,54350798,기획/전략
4495,54350771,인사/노무
4496,54208827,마케팅
4497,54350232,기획/전략
4498,54322485,마케팅
4499,54349156,개발
4500,54349066,인사/노무
4501,54348305,기획/전략
4502,54347567,인사/노무
4503,54346566,인사/노무
4504,54346418,기획/전략
4505,54346391,마케팅
4506,54345492,개발
4507,54345483,기획/전략
4508,54270351,인사/노무
4509,54345380,기획/전략
4510,54345370,기획/전략
4511,54345245,기획/전략
4512,54345246,기획/전략
4513,54345110,인사/노무
4514,53215316,기획/전략
4515,53576413,기획/전략
4516,54344926,개발
4517,54344925,개발
4518,54344924,개발
4519,54341971,기획/전략
4520,54340702,기획/전략
4521,54323336,기획/전략
4522,54340614,기획/전략
4523,54340307,기획/전략
4524,54340189,개발
4525,54340149,기획/전략
4526,54080498,마케팅
4527,54339520,기획/전략
4528,54337850,인사/노무
4529,54337799,기획/전략
4530,54337324,기획/전략
4531,54336877,인사/노무
4532,54336711,마케팅
4533,54336335,인사/노무
4534,54203550,인사/노무
4535,54336257,기획/전략
4536,54336198,기획/전략
4537,54335490,회계/재무
4538,54335318,마케팅
4539,54334737,개발
4540,54303471,기획/전략
4541,54333512,기획/전략
4542,54333472,인사/노무
4543,54333203,개발
4544,54259421,개발
4545,54332628,기획/전략
4546,54171467,인사/노무
4547,54325186,기획/전략
4548,54331625,마케팅
4549,54331493,기획/전략
4550,54331442,기획/전략
4551,54331441,개발
4552,52963518,기획/전략
4553,54331156,기획/전략
4554,53671771,기획/전략
4555,54305158,기획/전략
4556,53989553,기획/전략
4557,54326251,기획/전략
4558,54325124,인사/노무
4559,54324873,기획/전략
4560,54324745,마케팅
4561,54324692,기획/전략
4562,54323569,개발
4563,54323084,기획/전략
4564,54321409,인사/노무
4565,54320828,회계/재무
4566,54264052,개발
4567,54320295,기획/전략
4568,54319576,개발
4569,53587689,기획/전략
4570,54316054,기획/전략
4571,54314971,기획/전략
4572,54216966,개발
4573,54131852,기획/전략
4574,54314666,기획/전략
4575,54314091,개발
4576,53993331,기획/전략
4577,54029457,기획/전략
4578,54312246,기획/전략
4579,54312159,마케팅
4580,54311815,기획/전략
4581,54311435,기획/전략
4582,54311366,인사/노무
4583,54311293,기획/전략
4584,54311072,기획/전략
4585,54310661,마케팅
4586,54253627,기획/전략
4587,54308554,기획/전략
4588,54308308,기획/전략
4589,53921396,인사/노무
4590,54306817,기획/전략
4591,54306795,인사/노무
4592,54306478,개발
4593,54138428,인사/노무
4594,54304419,기획/전략
4595,54304222,인사/노무
4596,54301197,기획/전략
4597,54304063,기획/전략
4598,54303781,기획/전략
4599,54302355,인사/노무
4600,54291629,개발
4601,54293812,기획/전략
4602,54289333,기획/전략
4603,54302111,마케팅
4604,54283255,기획/전략
4605,54283093,기획/전략
4606,54296130,인사/노무
4607,54295432,기획/전략
4608,54293980,개발
4609,54290992,기획/전략
4610,54290880,마케팅
4611,54290525,기획/전략
4612,54289041,마케팅
4613,54289034,마케팅
4614,54084659,인사/노무
4615,54287790,마케팅
4616,54261411,마케팅
4617,54257500,기획/전략
4618,54284370,마케팅
4619,54283678,기획/전략
4620,54282165,기획/전략
4621,54281795,인사/노무
4622,54280570,개발
4623,54279864,마케팅
4624,54279820,기획/전략
4625,54254471,인사/노무
4626,54244608,마케팅
4627,54272850,기획/전략
4628,54272575,마케팅
4629,54270649,인사/노무
4630,54263754,인사/노무
4631,54269271,인사/노무
4632,54268101,기획/전략
4633,54268077,마케팅
4634,54268072,마케팅
4635,54268063,마케팅
4636,54267783,개발
4637,54267536,인사/노무
4638,54259945,인사/노무
4639,54266596,기획/전략
4640,54265500,인사/노무
4641,54265325,회계/재무
4642,54226633,기획/전략
4643,53923373,기획/전략
4644,54260082,마케팅
4645,53904155,기획/전략
4646,54257169,기획/전략
4647,54237867,인사/노무
4648,54012438,기획/전략
4649,54130653,기획/전략
4650,54253944,기획/전략
4651,54252968,회계/재무
4652,53930183,기획/전략
4653,54247272,기획/전략
4654,54247088,인사/노무
4655,54244668,기획/전략
4656,54244062,인사/노무
4657,54241493,기획/전략
4658,54240779,인사/노무
4659,54238272,인사/노무
4660,54237415,기획/전략
4661,54236856,기획/전략
4662,54236855,기획/전략
4663,54169999,기획/전략
4664,54230583,기획/전략
4665,54230454,인사/노무
4666,53952598,기획/전략
4667,54227118,기획/전략
4668,54177301,기획/전략
4669,54224027,개발
4670,54223767,기획/전략
4671,54201077,기획/전략
4672,54203761,기획/전략
4673,54194024,인사/노무
4674,54102609,기획/전략
4675,54217929,기획/전략
4676,54217690,기획/전략
4677,54216156,기획/전략
4678,53942163,기획/전략
4679,54189900,개발
4680,54207037,개발
4681,54180836,인사/노무
4682,54203682,기획/전략
4683,54202766,마케팅
4684,54201563,기획/전략
4685,54201177,기획/전략
4686,54201014,기획/전략
4687,54200727,마케팅
4688,54199044,마케팅
4689,54178162,기획/전략
4690,54194496,인사/노무
4691,54193859,개발
4692,54180548,인사/노무
4693,54191002,인사/노무
4694,54190657,마케팅
4695,54185794,기획/전략
4696,54182951,기획/전략
4697,54182578,기획/전략
4698,54178283,기획/전략
4699,54151016,개발
4700,54176521,기획/전략
4701,54176472,기획/전략
4702,54176408,마케팅
4703,54173671,개발
4704,54171468,개발
4705,54106047,회계/재무
4706,54161598,기획/전략
4707,54149211,인사/노무
4708,54012985,마케팅
4709,54133290,인사/노무
4710,54129893,인사/노무
4711,53957856,개발
4712,54118889,인사/노무
4713,54100841,인사/노무
4714,54047030,인사/노무
4715,54092751,마케팅
4716,54080612,인사/노무
4717,54061539,마케팅
4718,54059584,기획/전략
4719,54058118,마케팅
4720,54056864,기획/전략
4721,54056635,기획/전략
4722,54054927,인사/노무
4723,54048412,인사/노무
4724,54042913,기획/전략
4725,54037140,인사/노무
4726,54034927,개발
4727,54028594,기획/전략
4728,54027817,개발
4729,53985838,마케팅
4730,54017360,마케팅
4731,54014525,개발
4732,54013816,기획/전략
4733,54009056,기획/전략
4734,53952518,기획/전략
4735,53991668,마케팅
4736,53985217,기획/전략
4737,53980794,기획/전략
4738,53977673,기획/전략
4739,53948397,기획/전략
4740,53966243,기획/전략
4741,53952963,회계/재무
4742,53936103,기획/전략
4743,53929382,마케팅
4744,53912564,인사/노무
4745,53685382,기획/전략
4746,54294088,기획/전략
4747,54447566,개발
4748,54458785,개발
4749,54447329,개발
4750,54430598,기획/전략
4751,54420163,개발
4752,54385689,회계/재무
4753,54373992,기획/전략
4754,54272099,회계/재무
4755,54346651,인사/노무
4756,54327221,개발
4757,54294924,개발
4758,54289620,인사/노무
4759,54056817,기획/전략
4760,54134819,기획/전략
4761,54039222,인사/노무
4762,53966812,인사/노무
4763,53934480,기획/전략
4764,54397290,인사/노무
4765,54418598,개발
4766,54440461,개발
4767,54463274,인사/노무
4768,54461885,인사/노무
4769,54461064,기획/전략
4770,54460960,기획/전략
4771,54360774,개발
4772,54421543,인사/노무
4773,54433242,인사/노무
4774,54375912,기획/전략
4775,54389582,개발
4776,54357832,기획/전략
4777,54453518,기획/전략
4778,54403130,인사/노무
4779,54212606,인사/노무
4780,54449643,기획/전략
4781,54451256,기획/전략
4782,54450848,인사/노무
4783,54450536,마케팅
4784,54450079,개발
4785,54419856,기획/전략
4786,54268242,기획/전략
4787,54419880,기획/전략
4788,54281137,기획/전략
4789,54441894,기획/전략
4790,54395933,기획/전략
4791,54429726,기획/전략
4792,54438642,기획/전략
4793,54416363,기획/전략
4794,54402546,마케팅
4795,54271656,개발
4796,54434801,기획/전략
4797,54384777,기획/전략
4798,54431265,인사/노무
4799,54427389,인사/노무
4800,54409690,인사/노무
4801,54363082,마케팅
4802,54422367,인사/노무
4803,54419274,개발
4804,54411562,인사/노무
4805,54409502,기획/전략
4806,54339593,개발
4807,54406533,회계/재무
4808,54384119,인사/노무
4809,54398316,기획/전략
4810,54239376,인사/노무
4811,54271342,기획/전략
4812,54396243,개발
4813,54394085,기획/전략
4814,54392186,기획/전략
4815,54392151,기획/전략
4816,54392037,인사/노무
4817,54171577,인사/노무
4818,54389460,인사/노무
4819,54347683,인사/노무
4820,54385582,기획/전략
4821,54383280,기획/전략
4822,54381588,기획/전략
4823,54379698,기획/전략
4824,54361183,기획/전략
4825,54378282,인사/노무
4826,54374216,기획/전략
4827,54365755,기획/전략
4828,54335815,기획/전략
4829,54364706,기획/전략
4830,54364203,기획/전략
4831,54249015,인사/노무
4832,54288664,기획/전략
4833,54187881,기획/전략
4834,54338034,기획/전략
4835,53947436,기획/전략
4836,53769460,기획/전략
4837,54332011,기획/전략
4838,54295742,마케팅
4839,54308736,인사/노무
4840,54305781,인사/노무
4841,54011847,회계/재무
4842,54298614,기획/전략
4843,54291947,기획/전략
4844,54288696,기획/전략
4845,54271504,인사/노무
4846,54266828,인사/노무
4847,54203299,인사/노무
4848,54190891,기획/전략
4849,54240251,기획/전략
4850,54222051,개발
4851,54203912,회계/재무
4852,54193957,인사/노무
4853,53898419,기획/전략
4854,54175274,개발
4855,54181983,인사/노무
4856,54181060,기획/전략
4857,54090222,개발
4858,54028040,인사/노무
4859,53985833,개발
4860,54392754,인사/노무
4861,54378031,인사/노무
4862,54464322,회계/재무
4863,54408376,인사/노무
4864,54354883,기획/전략
4865,54463577,기획/전략
4866,54463416,인사/노무
4867,53918228,기획/전략
4868,54463039,개발
4869,54322381,인사/노무
4870,54462445,인사/노무
4871,54462102,인사/노무
4872,54461806,인사/노무
4873,54461188,기획/전략
4874,54366693,마케팅
4875,54366740,기획/전략
4876,54459349,인사/노무
4877,54422053,인사/노무
4878,54458724,인사/노무
4879,54458524,인사/노무
4880,54458441,회계/재무
4881,54326616,기획/전략
4882,54458218,인사/노무
4883,54458094,기획/전략
4884,54458045,인사/노무
4885,54403077,기획/전략
4886,54457599,인사/노무
4887,54457499,인사/노무
4888,54457459,개발
4889,54457484,인사/노무
4890,54457438,인사/노무
4891,54457255,개발
4892,54457305,기획/전략
4893,54457207,기획/전략
4894,54457044,인사/노무
4895,54457010,기획/전략
4896,54438343,기획/전략
4897,54449697,기획/전략
4898,54456750,기획/전략
4899,54456699,마케팅
4900,54456534,인사/노무
4901,54456448,기획/전략
4902,54406256,기획/전략
4903,54323872,인사/노무
4904,54455325,마케팅
4905,54339109,회계/재무
4906,54441398,개발
4907,54385760,기획/전략
4908,54452790,기획/전략
4909,54452361,마케팅
4910,54451574,기획/전략
4911,54451221,회계/재무
4912,54451181,기획/전략
4913,54451139,인사/노무
4914,54303869,기획/전략
4915,54450989,기획/전략
4916,54450777,인사/노무
4917,54450752,기획/전략
4918,54450681,인사/노무
4919,54450435,기획/전략
4920,54450396,회계/재무
4921,54450395,기획/전략
4922,54450099,개발
4923,54449868,회계/재무
4924,54448721,기획/전략
4925,54448201,인사/노무
4926,54447849,기획/전략
4927,54447605,개발
4928,54447061,인사/노무
4929,54446916,기획/전략
4930,54191222,기획/전략
4931,54415267,인사/노무
4932,54445362,기획/전략
4933,54445105,기획/전략
4934,54434260,인사/노무
4935,54443309,개발
4936,54443267,개발
4937,54213353,개발
4938,54442952,인사/노무
4939,54442354,기획/전략
4940,54442224,기획/전략
4941,54303702,인사/노무
4942,54375536,인사/노무
4943,54441212,회계/재무
4944,54403744,인사/노무
4945,54403748,인사/노무
4946,54403740,인사/노무
4947,54403746,인사/노무
4948,54440441,기획/전략
4949,54372062,기획/전략
4950,54372072,회계/재무
4951,54429266,인사/노무
4952,54440311,인사/노무
4953,54439044,기획/전략
4954,54438854,인사/노무
4955,54438853,기획/전략
4956,54438851,인사/노무
4957,54438137,회계/재무
4958,54438136,개발
4959,54434953,개발
4960,54434945,기획/전략
4961,54434030,기획/전략
4962,54432471,인사/노무
4963,54393373,기획/전략
4964,54431895,회계/재무
4965,53931809,인사/노무
4966,54431358,인사/노무
4967,54431353,마케팅
4968,54431175,기획/전략
4969,54431173,인사/노무
4970,54129877,기획/전략
4971,54430408,인사/노무
4972,54429915,회계/재무
4973,54429750,기획/전략
4974,54429661,인사/노무
4975,54428776,마케팅
4976,54417583,인사/노무
4977,54428673,기획/전략
4978,54427881,기획/전략
4979,54394009,인사/노무
4980,54427472,기획/전략
4981,54427353,개발
4982,54427198,개발
4983,54426270,기획/전략
4984,54391218,기획/전략
4985,54422427,기획/전략
4986,54015917,마케팅
4987,54421832,기획/전략
4988,54403385,인사/노무
4989,54421076,기획/전략
4990,54376483,개발
4991,54420606,회계/재무
4992,54418687,기획/전략
4993,54417861,개발
